DROP DATABASE bus_ware;

CREATE DATABASE bus_ware;

\c bus_ware

CREATE TABLE bus_info(
	bus_id varchar(20) PRIMARY KEY NOT NULL,
	name varchar(20),		
	from_place varchar(20),
	to_place varchar(20),
	depart time NOT NULL,
	arrive time NOT NULL,
	a_c_fact integer,
	bus_type varchar(20)
);

CREATE TABLE route_table(
	bus_id varchar(20)  NOT NULL,
	from_add varchar(20),
	to_add varchar(20),
	depart time NOT NULL,
	arrive time NOT NULL,
	fare integer,	
	FOREIGN KEY (bus_id) REFERENCES bus_info(bus_id)
);

/*CREATE INDEX idx_places on route_table USING GIN (places_visit);*/

CREATE TABLE seats(
	date_int integer NOT NULL,
	bus_id varchar(20) NOT NULL,
	no_seats integer NOT NULL,
	seat_type varchar(20),
	status varchar(20),  
	FOREIGN KEY (bus_id) REFERENCES bus_info (bus_id)
);


INSERT INTO bus_info (bus_id,name,from_place,to_place,depart,arrive,a_c_fact,bus_type) VALUES ('AS01','AIRAVATH','HYDERABAD','BENGALURU','20:00:00','07:00:00',0,'SEMI-SLEEPER');
INSERT INTO bus_info (bus_id,name,from_place,to_place,depart,arrive,a_c_fact,bus_type) VALUES 
('AS02','SUHAS','HYDERABAD','GOA','20:00:00','12:00:00',0,'SLEEPER');
INSERT INTO bus_info (bus_id,name,from_place,to_place,depart,arrive,a_c_fact,bus_type) VALUES 
('AS03','SOMESHWARA','BENGALURU','HUBLI','20:00:00','11:00:00',1,'SLEEPER');
INSERT INTO bus_info (bus_id,name,from_place,to_place,depart,arrive,a_c_fact,bus_type) VALUES 
('AS04','KUSUMA','BENGALURU','BOMBAY','22:00:00','20:00:00',0,'SLEEPER');
INSERT INTO bus_info (bus_id,name,from_place,to_place,depart,arrive,a_c_fact,bus_type) VALUES 
('AS05','KSRTC','HYDERABAD','CHENNAI','20:00:00','07:00:00',0,'SEATER');
INSERT INTO bus_info (bus_id,name,from_place,to_place,depart,arrive,a_c_fact,bus_type) VALUES ('AS06','GARUDA','HYDERABAD','VISHAKAPATNAM','20:00:00','09:00:00',0,'SEMI-SLEEPER');
INSERT INTO bus_info (bus_id,name,from_place,to_place,depart,arrive,a_c_fact,bus_type) VALUES ('AS07','INDRA','BENGALURU','BHUVANESHWAR','21:30:00','03:45:00',1,'SLEEPER');
INSERT INTO bus_info (bus_id,name,from_place,to_place,depart,arrive,a_c_fact,bus_type) VALUES ('AS08','MEENAKSHI','HYDERABAD','BELLARY','22:30:00','05:30:00',0, 'SLEEPER');
INSERT INTO bus_info (bus_id,name,from_place,to_place,depart,arrive,a_c_fact,bus_type) VALUES ('AS09','SUGUNA','KERALA','BENGALURU','22:00:00','07:00:00',1,'SLEEPER');
INSERT INTO bus_info (bus_id,name,from_place,to_place,depart,arrive,a_c_fact,bus_type) VALUES ('AS10','VAYUPUTHRA','HYDERABAD','PUNE','19:00:00','08:00:00',0,'SLEEPER');





INSERT INTO route_table(bus_id,from_add,to_add,depart,arrive,fare) VALUES ('AS01','HYDERABAD','ANANTHAPUR','20:00:00','04:00:00',650);
INSERT INTO route_table(bus_id,from_add,to_add,depart,arrive,fare) VALUES ('AS01','HYDERABAD','KURNOOL','20:00:00','00:00:00',450);
INSERT INTO route_table(bus_id,from_add,to_add,depart,arrive,fare) VALUES ('AS01','HYDERABAD','BENGALURU','20:00:00','04:00:00',900);
INSERT INTO route_table(bus_id,from_add,to_add,depart,arrive,fare) VALUES ('AS01','KURNOOL','ANANTHAPUR','20:00:00','04:00:00',300);
INSERT INTO route_table(bus_id,from_add,to_add,depart,arrive,fare) VALUES ('AS01','KURNOOL','BENGALURU','22:00:00','07:00:00',500);
INSERT INTO route_table(bus_id,from_add,to_add,depart,arrive,fare) VALUES ('AS01','ANANTHAPUR','BENGALURU','20:00:00','07:00:00',250);
INSERT INTO route_table(bus_id,from_add,to_add,depart,arrive,fare) VALUES ('AS02','HYDERABAD','GOA','20:00:00','04:00:00',650);
INSERT INTO route_table(bus_id,from_add,to_add,depart,arrive,fare) VALUES ('AS02','HYDERABAD','ANANTHAPUR','21:00:00','00:00:00',450);
INSERT INTO route_table(bus_id,from_add,to_add,depart,arrive,fare) VALUES ('AS02','HYDERABAD','BELLARY','22:00:00','04:00:00',650);
INSERT INTO route_table(bus_id,from_add,to_add,depart,arrive,fare) VALUES ('AS02','HYDERABAD','HUBLI','23:00:00','00:00:00',450);
INSERT INTO route_table(bus_id,from_add,to_add,depart,arrive,fare) VALUES ('AS02','ANANTHAPUR','BELLARY','21:00:00','06:00:00',250);
INSERT INTO route_table(bus_id,from_add,to_add,depart,arrive,fare) VALUES ('AS02','ANANTHAPUR','HUBLI','19:00:00','04:00:00',250);
INSERT INTO route_table(bus_id,from_add,to_add,depart,arrive,fare) VALUES ('AS02','ANANTHAPUR','GOA','17:00:00','03:00:00',250);
INSERT INTO route_table(bus_id,from_add,to_add,depart,arrive,fare) VALUES ('AS02','BELLARY','HUBLI','22:00:00','08:00:00',300);
INSERT INTO route_table(bus_id,from_add,to_add,depart,arrive,fare) VALUES ('AS02','BELLARY','GOA','13:00:00','09:00:00',300);
INSERT INTO route_table(bus_id,from_add,to_add,depart,arrive,fare) VALUES ('AS02','HUBLI','GOA','22:00:00','07:00:00',500);
INSERT INTO route_table(bus_id,from_add,to_add,depart,arrive,fare) VALUES ('AS03','BENGALURU','HUBLI','23:00:00','06:00:00',500);
INSERT INTO route_table(bus_id,from_add,to_add,depart,arrive,fare) VALUES ('AS03','BENGALURU','HOSPET','23:00:00','05:00:00',1000);
INSERT INTO route_table(bus_id,from_add,to_add,depart,arrive,fare) VALUES ('AS03','BENGALURU','BELLARY','21:00:00','06:00:00',1500);
INSERT INTO route_table(bus_id,from_add,to_add,depart,arrive,fare) VALUES ('AS03','HOSPET','HUBLI','21:00:00','09:00:00',2345);
INSERT INTO route_table(bus_id,from_add,to_add,depart,arrive,fare) VALUES ('AS03','BELLARY','HUBLI','21:00:00','10:00:00',1600);
INSERT INTO route_table(bus_id,from_add,to_add,depart,arrive,fare) VALUES ('AS04','BENGALURU','BOMBAY','20:00:00','07:00:00',1500);
INSERT INTO route_table(bus_id,from_add,to_add,depart,arrive,fare) VALUES ('AS04','BENGALURU','PUNE','18:00:00','08:00:00',520);
INSERT INTO route_table(bus_id,from_add,to_add,depart,arrive,fare) VALUES ('AS04','BENGALURU','BELGAUM','19:00:00','09:00:00',800);
INSERT INTO route_table(bus_id,from_add,to_add,depart,arrive,fare) VALUES ('AS04','BELGAUM','PUNE','23:00:00','05:00:00',700);
INSERT INTO route_table(bus_id,from_add,to_add,depart,arrive,fare) VALUES ('AS04','BELAGUM','BOMBAY','23:00:00','04:00:00',1200);
INSERT INTO route_table(bus_id,from_add,to_add,depart,arrive,fare) VALUES ('AS04','PUNE','BOMBAY','22:00:00','09:00:00',1400);
INSERT INTO route_table(bus_id,from_add,to_add,depart,arrive,fare) VALUES ('AS05','HYDERABAD','CHENNAI','21:00:00','06:00:00',800);
INSERT INTO route_table(bus_id,from_add,to_add,depart,arrive,fare) VALUES ('AS05','HYDERABAD','BENGALURU','19:00:00','11:00:00',950);
INSERT INTO route_table(bus_id,from_add,to_add,depart,arrive,fare) VALUES ('AS05','HYDERABAD','VELLORE','18:00:00','12:00:00',300);
INSERT INTO route_table(bus_id,from_add,to_add,depart,arrive,fare) VALUES ('AS05','BENGALURU','CHENNAI','19:00:00','11:00:00',500);
INSERT INTO route_table(bus_id,from_add,to_add,depart,arrive,fare) VALUES ('AS05','VELLORE','CHENNAI','20:00:00','08:00:00',650);
INSERT INTO route_table(bus_id,from_add,to_add,depart,arrive,fare) VALUES ('AS05','BENGALURU','VELLORE','23:00:00','07:00:00',500);
INSERT INTO route_table(bus_id,from_add,to_add,depart,arrive,fare) VALUES ('AS06','HYDERABAD','VISHAKAPATNAM','16:00:00','07:00:00',1000);
INSERT INTO route_table(bus_id,from_add,to_add,depart,arrive,fare) VALUES ('AS06','HYDERABAD','VIJAYAWADA','23:00:00','06:00:00',1230);
INSERT INTO route_table(bus_id,from_add,to_add,depart,arrive,fare) VALUES ('AS06','HYDERABAD','RAJMANDRI','17:00:00','05:00:00',1300);
INSERT INTO route_table(bus_id,from_add,to_add,depart,arrive,fare) VALUES ('AS06','VIJAYAWADA','VISHAKAPATNAM','23:00:00','06:00:00',1250);
INSERT INTO route_table(bus_id,from_add,to_add,depart,arrive,fare) VALUES ('AS06','RAJMANDRI','VISHAKAPATNAM','20:00:00','05:00:00',760);
INSERT INTO route_table(bus_id,from_add,to_add,depart,arrive,fare) VALUES ('AS06','VIJAYAWADA','RAJMANDRI','20:00:00','10:00:00',500);
INSERT INTO route_table(bus_id,from_add,to_add,depart,arrive,fare) VALUES ('AS07','BENGALURU','BHUVANESHWAR','21:00:00','02:00:00',500);
INSERT INTO route_table(bus_id,from_add,to_add,depart,arrive,fare) VALUES ('AS07','BENGALURU','HYDERABAD','18:00:00','04:00:00',400);
INSERT INTO route_table(bus_id,from_add,to_add,depart,arrive,fare) VALUES ('AS07','BENGALURU','VISHAKAPATNAM','22:00:00','02:00:00',1200);
INSERT INTO route_table(bus_id,from_add,to_add,depart,arrive,fare) VALUES ('AS07','HYDERABAD','BHUVANESHWAR','21:00:00','08:00:00',1230);
INSERT INTO route_table(bus_id,from_add,to_add,depart,arrive,fare) VALUES ('AS07','VISHAKAPATNAM','BHUVANESHWAR','23:00:00','09:00:00',540);
INSERT INTO route_table(bus_id,from_add,to_add,depart,arrive,fare) VALUES ('AS07','HYDERABAD','VISHAKAPATNAM','19:00:00','01:00:00',765);
INSERT INTO route_table(bus_id,from_add,to_add,depart,arrive,fare) VALUES ('AS08','HYDERABAD','BELLARY','22:00:00','07:00:00',937);
INSERT INTO route_table(bus_id,from_add,to_add,depart,arrive,fare) VALUES ('AS08','ANANTHAPUR','BELLARY','18:00:00','05:00:00',964);
INSERT INTO route_table(bus_id,from_add,to_add,depart,arrive,fare) VALUES ('AS08','HYDERABAD','ANANTHAPUR','14:00:00','03:00:00',640);
INSERT INTO route_table(bus_id,from_add,to_add,depart,arrive,fare) VALUES ('AS09','KERALA','BENGALURU','15:00:00','02:00:00',820);
INSERT INTO route_table(bus_id,from_add,to_add,depart,arrive,fare) VALUES ('AS09','KERALA','MYSORE','23:00:00','09:00:00',530);
INSERT INTO route_table(bus_id,from_add,to_add,depart,arrive,fare) VALUES ('AS09','MYSORE','BENGALURU','22:00:00','04:00:00',760);
INSERT INTO route_table(bus_id,from_add,to_add,depart,arrive,fare) VALUES ('AS10','HYDERABAD','PUNE','19:00:00','06:00:00',970);
INSERT INTO route_table(bus_id,from_add,to_add,depart,arrive,fare) VALUES ('AS10','HYDERABAD','HOSPET','18:00:00','07:00:00',500);
INSERT INTO route_table(bus_id,from_add,to_add,depart,arrive,fare) VALUES ('AS10','HOSPET','PUNE','17:00:00','09:00:00',850);






INSERT INTO seats (date_int,bus_id,no_seats,seat_type,status) VALUES (1,'AS01',1,'WINDOW','UNOCCUPIED');
INSERT INTO seats (date_int,bus_id,no_seats,seat_type,status) VALUES (1,'AS01',2,'SIDE','UNOCCUPIED');
INSERT INTO seats (date_int,bus_id,no_seats,seat_type,status) VALUES (1,'AS01',3,'WINDOW','UNOCCUPIED');
INSERT INTO seats (date_int,bus_id,no_seats,seat_type,status) VALUES (1,'AS01',4,'SIDE','UNOCCUPIED');
INSERT INTO seats (date_int,bus_id,no_seats,seat_type,status) VALUES (1,'AS01',5,'WINDOW','UNOCCUPIED');
INSERT INTO seats (date_int,bus_id,no_seats,seat_type,status) VALUES (1,'AS01',6,'SIDE','UNOCCUPIED');
INSERT INTO seats (date_int,bus_id,no_seats,seat_type,status) VALUES (1,'AS01',7,'WINDOW','UNOCCUPIED');
INSERT INTO seats (date_int,bus_id,no_seats,seat_type,status) VALUES (1,'AS01',8,'SIDE','UNOCCUPIED');
INSERT INTO seats (date_int,bus_id,no_seats,seat_type,status) VALUES (1,'AS01',9,'WINDOW','UNOCCUPIED');
INSERT INTO seats (date_int,bus_id,no_seats,seat_type,status) VALUES (1,'AS01',10,'SIDE','UNOCCUPIED');
INSERT INTO seats (date_int,bus_id,no_seats,seat_type,status) VALUES (1,'AS01',11,'WINDOW','UNOCCUPIED');
INSERT INTO seats (date_int,bus_id,no_seats,seat_type,status) VALUES (1,'AS01',12,'SIDE','UNOCCUPIED');
INSERT INTO seats (date_int,bus_id,no_seats,seat_type,status) VALUES (1,'AS01',13,'WINDOW','UNOCCUPIED');
INSERT INTO seats (date_int,bus_id,no_seats,seat_type,status) VALUES (1,'AS01',14,'SIDE','UNOCCUPIED');
INSERT INTO seats (date_int,bus_id,no_seats,seat_type,status) VALUES (1,'AS01',15,'WINDOW','UNOCCUPIED');
INSERT INTO seats (date_int,bus_id,no_seats,seat_type,status) VALUES (1,'AS01',16,'SIDE','UNOCCUPIED');
INSERT INTO seats (date_int,bus_id,no_seats,seat_type,status) VALUES (1,'AS01',17,'WINDOW','UNOCCUPIED');
INSERT INTO seats (date_int,bus_id,no_seats,seat_type,status) VALUES (1,'AS01',18,'SIDE','UNOCCUPIED');
INSERT INTO seats (date_int,bus_id,no_seats,seat_type,status) VALUES (1,'AS01',19,'WINDOW','UNOCCUPIED');
INSERT INTO seats (date_int,bus_id,no_seats,seat_type,status) VALUES (1,'AS01',20,'SIDE','UNOCCUPIED');
INSERT INTO seats (date_int,bus_id,no_seats,seat_type,status) VALUES (1,'AS02',1,'SIDE_UPPER','UNOCCUPIED');
INSERT INTO seats (date_int,bus_id,no_seats,seat_type,status) VALUES (1,'AS02',2,'SIDE_LOWER','UNOCCUPIED');
INSERT INTO seats (date_int,bus_id,no_seats,seat_type,status) VALUES (1,'AS02',3,'MAIN_SIDE_UPPER','UNOCCUPIED');
INSERT INTO seats (date_int,bus_id,no_seats,seat_type,status) VALUES (1,'AS02',4,'MAIN_SIDE_LOWER','UNOCCUPIED');
INSERT INTO seats (date_int,bus_id,no_seats,seat_type,status) VALUES (1,'AS02',5,'MAIN_WIN_UPPER','UNOCCUPIED');
INSERT INTO seats (date_int,bus_id,no_seats,seat_type,status) VALUES (1,'AS02',5,'MAIN_WIN_LOWER','UNOCCUPIED');
INSERT INTO seats (date_int,bus_id,no_seats,seat_type,status) VALUES (1,'AS02',7,'SIDE_UPPER','UNOCCUPIED');
INSERT INTO seats (date_int,bus_id,no_seats,seat_type,status) VALUES (1,'AS02',8,'SIDE_LOWER','UNOCCUPIED');
INSERT INTO seats (date_int,bus_id,no_seats,seat_type,status) VALUES (1,'AS02',9,'MAIN_SIDE_UPPER','UNOCCUPIED');
INSERT INTO seats (date_int,bus_id,no_seats,seat_type,status) VALUES (1,'AS02',10,'MAIN_SIDE_LOWER','UNOCCUPIED');
INSERT INTO seats (date_int,bus_id,no_seats,seat_type,status) VALUES (1,'AS02',11,'MAIN_WIN_UPPER','UNOCCUPIED');
INSERT INTO seats (date_int,bus_id,no_seats,seat_type,status) VALUES (1,'AS02',12,'MAIN_WIN_LOWER','UNOCCUPIED');
INSERT INTO seats (date_int,bus_id,no_seats,seat_type,status) VALUES (1,'AS02',13,'SIDE_UPPER','UNOCCUPIED');
INSERT INTO seats (date_int,bus_id,no_seats,seat_type,status) VALUES (1,'AS02',14,'SIDE_LOWER','UNOCCUPIED');
INSERT INTO seats (date_int,bus_id,no_seats,seat_type,status) VALUES (1,'AS02',15,'MAIN_SIDE_UPPER','UNOCCUPIED');
INSERT INTO seats (date_int,bus_id,no_seats,seat_type,status) VALUES (1,'AS02',16,'MAIN_SIDE_LOWER','UNOCCUPIED');
INSERT INTO seats (date_int,bus_id,no_seats,seat_type,status) VALUES (1,'AS02',17,'MAIN_WIN_UPPER','UNOCCUPIED');
INSERT INTO seats (date_int,bus_id,no_seats,seat_type,status) VALUES (1,'AS02',18,'MAIN_WIN_LOWER','UNOCCUPIED');
INSERT INTO seats (date_int,bus_id,no_seats,seat_type,status) VALUES (1,'AS02',19,'SIDE_UPPER','UNOCCUPIED');
INSERT INTO seats (date_int,bus_id,no_seats,seat_type,status) VALUES (1,'AS02',20,'SIDE_LOWER','UNOCCUPIED');
INSERT INTO seats (date_int,bus_id,no_seats,seat_type,status) VALUES (1,'AS02',21,'MAIN_SIDE_UPPER','UNOCCUPIED');
INSERT INTO seats (date_int,bus_id,no_seats,seat_type,status) VALUES (1,'AS02',22,'MAIN_SIDE_LOWER','UNOCCUPIED');
INSERT INTO seats (date_int,bus_id,no_seats,seat_type,status) VALUES (1,'AS02',23,'MAIN_WIN_UPPER','UNOCCUPIED');
INSERT INTO seats (date_int,bus_id,no_seats,seat_type,status) VALUES (1,'AS02',24,'MAIN_WIN_LOWER','UNOCCUPIED');
INSERT INTO seats (date_int,bus_id,no_seats,seat_type,status) VALUES (1,'AS02',25,'SIDE_UPPER','UNOCCUPIED');
INSERT INTO seats (date_int,bus_id,no_seats,seat_type,status) VALUES (1,'AS02',26,'SIDE_LOWER','UNOCCUPIED');
INSERT INTO seats (date_int,bus_id,no_seats,seat_type,status) VALUES (1,'AS02',27,'MAIN_SIDE_UPPER','UNOCCUPIED');
INSERT INTO seats (date_int,bus_id,no_seats,seat_type,status) VALUES (1,'AS02',28,'MAIN_SIDE_LOWER','UNOCCUPIED');
INSERT INTO seats (date_int,bus_id,no_seats,seat_type,status) VALUES (1,'AS02',29,'MAIN_WIN_UPPER','UNOCCUPIED');
INSERT INTO seats (date_int,bus_id,no_seats,seat_type,status) VALUES (1,'AS02',30,'MAIN_WIN_LOWER','UNOCCUPIED');
INSERT INTO seats (date_int,bus_id,no_seats,seat_type,status) VALUES (1,'AS02',31,'SIDE_UPPER','UNOCCUPIED');
INSERT INTO seats (date_int,bus_id,no_seats,seat_type,status) VALUES (1,'AS02',32,'SIDE_LOWER','UNOCCUPIED');
INSERT INTO seats (date_int,bus_id,no_seats,seat_type,status) VALUES (1,'AS02',33,'MAIN_SIDE_UPPER','UNOCCUPIED');
INSERT INTO seats (date_int,bus_id,no_seats,seat_type,status) VALUES (1,'AS02',34,'MAIN_SIDE_LOWER','UNOCCUPIED');
INSERT INTO seats (date_int,bus_id,no_seats,seat_type,status) VALUES (1,'AS02',35,'MAIN_WIN_UPPER','UNOCCUPIED');
INSERT INTO seats (date_int,bus_id,no_seats,seat_type,status) VALUES (1,'AS02',36,'MAIN_WIN_LOWER','UNOCCUPIED');
INSERT INTO seats (date_int,bus_id,no_seats,seat_type,status) VALUES (1,'AS03',1,'SIDE_UPPER','UNOCCUPIED');
INSERT INTO seats (date_int,bus_id,no_seats,seat_type,status) VALUES (1,'AS03',2,'SIDE_LOWER','UNOCCUPIED');
INSERT INTO seats (date_int,bus_id,no_seats,seat_type,status) VALUES (1,'AS03',3,'MAIN_SIDE_UPPER','UNOCCUPIED');
INSERT INTO seats (date_int,bus_id,no_seats,seat_type,status) VALUES (1,'AS03',4,'MAIN_SIDE_LOWER','UNOCCUPIED');
INSERT INTO seats (date_int,bus_id,no_seats,seat_type,status) VALUES (1,'AS03',5,'MAIN_WIN_UPPER','UNOCCUPIED');
INSERT INTO seats (date_int,bus_id,no_seats,seat_type,status) VALUES (1,'AS03',5,'MAIN_WIN_LOWER','UNOCCUPIED');
INSERT INTO seats (date_int,bus_id,no_seats,seat_type,status) VALUES (1,'AS03',7,'SIDE_UPPER','UNOCCUPIED');
INSERT INTO seats (date_int,bus_id,no_seats,seat_type,status) VALUES (1,'AS03',8,'SIDE_LOWER','UNOCCUPIED');
INSERT INTO seats (date_int,bus_id,no_seats,seat_type,status) VALUES (1,'AS03',9,'MAIN_SIDE_UPPER','UNOCCUPIED');
INSERT INTO seats (date_int,bus_id,no_seats,seat_type,status) VALUES (1,'AS03',10,'MAIN_SIDE_LOWER','UNOCCUPIED');
INSERT INTO seats (date_int,bus_id,no_seats,seat_type,status) VALUES (1,'AS03',11,'MAIN_WIN_UPPER','UNOCCUPIED');
INSERT INTO seats (date_int,bus_id,no_seats,seat_type,status) VALUES (1,'AS03',12,'MAIN_WIN_LOWER','UNOCCUPIED');
INSERT INTO seats (date_int,bus_id,no_seats,seat_type,status) VALUES (1,'AS03',13,'SIDE_UPPER','UNOCCUPIED');
INSERT INTO seats (date_int,bus_id,no_seats,seat_type,status) VALUES (1,'AS03',14,'SIDE_LOWER','UNOCCUPIED');
INSERT INTO seats (date_int,bus_id,no_seats,seat_type,status) VALUES (1,'AS03',15,'MAIN_SIDE_UPPER','UNOCCUPIED');
INSERT INTO seats (date_int,bus_id,no_seats,seat_type,status) VALUES (1,'AS03',16,'MAIN_SIDE_LOWER','UNOCCUPIED');
INSERT INTO seats (date_int,bus_id,no_seats,seat_type,status) VALUES (1,'AS03',17,'MAIN_WIN_UPPER','UNOCCUPIED');
INSERT INTO seats (date_int,bus_id,no_seats,seat_type,status) VALUES (1,'AS03',18,'MAIN_WIN_LOWER','UNOCCUPIED');
INSERT INTO seats (date_int,bus_id,no_seats,seat_type,status) VALUES (1,'AS03',19,'SIDE_UPPER','UNOCCUPIED');
INSERT INTO seats (date_int,bus_id,no_seats,seat_type,status) VALUES (1,'AS03',20,'SIDE_LOWER','UNOCCUPIED');
INSERT INTO seats (date_int,bus_id,no_seats,seat_type,status) VALUES (1,'AS03',21,'MAIN_SIDE_UPPER','UNOCCUPIED');
INSERT INTO seats (date_int,bus_id,no_seats,seat_type,status) VALUES (1,'AS03',22,'MAIN_SIDE_LOWER','UNOCCUPIED');
INSERT INTO seats (date_int,bus_id,no_seats,seat_type,status) VALUES (1,'AS03',23,'MAIN_WIN_UPPER','UNOCCUPIED');
INSERT INTO seats (date_int,bus_id,no_seats,seat_type,status) VALUES (1,'AS03',24,'MAIN_WIN_LOWER','UNOCCUPIED');
INSERT INTO seats (date_int,bus_id,no_seats,seat_type,status) VALUES (1,'AS03',25,'SIDE_UPPER','UNOCCUPIED');
INSERT INTO seats (date_int,bus_id,no_seats,seat_type,status) VALUES (1,'AS03',26,'SIDE_LOWER','UNOCCUPIED');
INSERT INTO seats (date_int,bus_id,no_seats,seat_type,status) VALUES (1,'AS03',27,'MAIN_SIDE_UPPER','UNOCCUPIED');
INSERT INTO seats (date_int,bus_id,no_seats,seat_type,status) VALUES (1,'AS03',28,'MAIN_SIDE_LOWER','UNOCCUPIED');
INSERT INTO seats (date_int,bus_id,no_seats,seat_type,status) VALUES (1,'AS03',29,'MAIN_WIN_UPPER','UNOCCUPIED');
INSERT INTO seats (date_int,bus_id,no_seats,seat_type,status) VALUES (1,'AS03',30,'MAIN_WIN_LOWER','UNOCCUPIED');
INSERT INTO seats (date_int,bus_id,no_seats,seat_type,status) VALUES (1,'AS03',31,'SIDE_UPPER','UNOCCUPIED');
INSERT INTO seats (date_int,bus_id,no_seats,seat_type,status) VALUES (1,'AS03',32,'SIDE_LOWER','UNOCCUPIED');
INSERT INTO seats (date_int,bus_id,no_seats,seat_type,status) VALUES (1,'AS03',33,'MAIN_SIDE_UPPER','UNOCCUPIED');
INSERT INTO seats (date_int,bus_id,no_seats,seat_type,status) VALUES (1,'AS03',34,'MAIN_SIDE_LOWER','UNOCCUPIED');
INSERT INTO seats (date_int,bus_id,no_seats,seat_type,status) VALUES (1,'AS03',35,'MAIN_WIN_UPPER','UNOCCUPIED');
INSERT INTO seats (date_int,bus_id,no_seats,seat_type,status) VALUES (1,'AS03',36,'MAIN_WIN_LOWER','UNOCCUPIED');
INSERT INTO seats (date_int,bus_id,no_seats,seat_type,status) VALUES (1,'AS04',1,'SIDE_UPPER','UNOCCUPIED');
INSERT INTO seats (date_int,bus_id,no_seats,seat_type,status) VALUES (1,'AS04',2,'SIDE_LOWER','UNOCCUPIED');
INSERT INTO seats (date_int,bus_id,no_seats,seat_type,status) VALUES (1,'AS04',3,'MAIN_SIDE_UPPER','UNOCCUPIED');
INSERT INTO seats (date_int,bus_id,no_seats,seat_type,status) VALUES (1,'AS04',4,'MAIN_SIDE_LOWER','UNOCCUPIED');
INSERT INTO seats (date_int,bus_id,no_seats,seat_type,status) VALUES (1,'AS04',5,'MAIN_WIN_UPPER','UNOCCUPIED');
INSERT INTO seats (date_int,bus_id,no_seats,seat_type,status) VALUES (1,'AS04',5,'MAIN_WIN_LOWER','UNOCCUPIED');
INSERT INTO seats (date_int,bus_id,no_seats,seat_type,status) VALUES (1,'AS04',7,'SIDE_UPPER','UNOCCUPIED');
INSERT INTO seats (date_int,bus_id,no_seats,seat_type,status) VALUES (1,'AS04',8,'SIDE_LOWER','UNOCCUPIED');
INSERT INTO seats (date_int,bus_id,no_seats,seat_type,status) VALUES (1,'AS04',9,'MAIN_SIDE_UPPER','UNOCCUPIED');
INSERT INTO seats (date_int,bus_id,no_seats,seat_type,status) VALUES (1,'AS04',10,'MAIN_SIDE_LOWER','UNOCCUPIED');
INSERT INTO seats (date_int,bus_id,no_seats,seat_type,status) VALUES (1,'AS04',11,'MAIN_WIN_UPPER','UNOCCUPIED');
INSERT INTO seats (date_int,bus_id,no_seats,seat_type,status) VALUES (1,'AS04',12,'MAIN_WIN_LOWER','UNOCCUPIED');
INSERT INTO seats (date_int,bus_id,no_seats,seat_type,status) VALUES (1,'AS04',13,'SIDE_UPPER','UNOCCUPIED');
INSERT INTO seats (date_int,bus_id,no_seats,seat_type,status) VALUES (1,'AS04',14,'SIDE_LOWER','UNOCCUPIED');
INSERT INTO seats (date_int,bus_id,no_seats,seat_type,status) VALUES (1,'AS04',15,'MAIN_SIDE_UPPER','UNOCCUPIED');
INSERT INTO seats (date_int,bus_id,no_seats,seat_type,status) VALUES (1,'AS04',16,'MAIN_SIDE_LOWER','UNOCCUPIED');
INSERT INTO seats (date_int,bus_id,no_seats,seat_type,status) VALUES (1,'AS04',17,'MAIN_WIN_UPPER','UNOCCUPIED');
INSERT INTO seats (date_int,bus_id,no_seats,seat_type,status) VALUES (1,'AS04',18,'MAIN_WIN_LOWER','UNOCCUPIED');
INSERT INTO seats (date_int,bus_id,no_seats,seat_type,status) VALUES (1,'AS04',19,'SIDE_UPPER','UNOCCUPIED');
INSERT INTO seats (date_int,bus_id,no_seats,seat_type,status) VALUES (1,'AS04',20,'SIDE_LOWER','UNOCCUPIED');
INSERT INTO seats (date_int,bus_id,no_seats,seat_type,status) VALUES (1,'AS04',21,'MAIN_SIDE_UPPER','UNOCCUPIED');
INSERT INTO seats (date_int,bus_id,no_seats,seat_type,status) VALUES (1,'AS04',22,'MAIN_SIDE_LOWER','UNOCCUPIED');
INSERT INTO seats (date_int,bus_id,no_seats,seat_type,status) VALUES (1,'AS04',23,'MAIN_WIN_UPPER','UNOCCUPIED');
INSERT INTO seats (date_int,bus_id,no_seats,seat_type,status) VALUES (1,'AS04',24,'MAIN_WIN_LOWER','UNOCCUPIED');
INSERT INTO seats (date_int,bus_id,no_seats,seat_type,status) VALUES (1,'AS04',25,'SIDE_UPPER','UNOCCUPIED');
INSERT INTO seats (date_int,bus_id,no_seats,seat_type,status) VALUES (1,'AS04',26,'SIDE_LOWER','UNOCCUPIED');
INSERT INTO seats (date_int,bus_id,no_seats,seat_type,status) VALUES (1,'AS04',27,'MAIN_SIDE_UPPER','UNOCCUPIED');
INSERT INTO seats (date_int,bus_id,no_seats,seat_type,status) VALUES (1,'AS04',28,'MAIN_SIDE_LOWER','UNOCCUPIED');
INSERT INTO seats (date_int,bus_id,no_seats,seat_type,status) VALUES (1,'AS04',29,'MAIN_WIN_UPPER','UNOCCUPIED');
INSERT INTO seats (date_int,bus_id,no_seats,seat_type,status) VALUES (1,'AS04',30,'MAIN_WIN_LOWER','UNOCCUPIED');
INSERT INTO seats (date_int,bus_id,no_seats,seat_type,status) VALUES (1,'AS04',31,'SIDE_UPPER','UNOCCUPIED');
INSERT INTO seats (date_int,bus_id,no_seats,seat_type,status) VALUES (1,'AS04',32,'SIDE_LOWER','UNOCCUPIED');
INSERT INTO seats (date_int,bus_id,no_seats,seat_type,status) VALUES (1,'AS04',33,'MAIN_SIDE_UPPER','UNOCCUPIED');
INSERT INTO seats (date_int,bus_id,no_seats,seat_type,status) VALUES (1,'AS04',34,'MAIN_SIDE_LOWER','UNOCCUPIED');
INSERT INTO seats (date_int,bus_id,no_seats,seat_type,status) VALUES (1,'AS04',35,'MAIN_WIN_UPPER','UNOCCUPIED');
INSERT INTO seats (date_int,bus_id,no_seats,seat_type,status) VALUES (1,'AS04',36,'MAIN_WIN_LOWER','UNOCCUPIED');
INSERT INTO seats (date_int,bus_id,no_seats,seat_type,status) VALUES (1,'AS05',1,'LEFT_WIN','UNOCCUPIED');
INSERT INTO seats (date_int,bus_id,no_seats,seat_type,status) VALUES (1,'AS05',2,'LEFT_SIDE','UNOCCUPIED');
INSERT INTO seats (date_int,bus_id,no_seats,seat_type,status) VALUES (1,'AS05',3,'RIGHT_WIN','UNOCCUPIED');
INSERT INTO seats (date_int,bus_id,no_seats,seat_type,status) VALUES (1,'AS05',4,'RIGHT_WIN_SEC','UNOCCUPIED');
INSERT INTO seats (date_int,bus_id,no_seats,seat_type,status) VALUES (1,'AS05',5,'RIGHT_WIN_THRD','UNOCCUPIED');
INSERT INTO seats (date_int,bus_id,no_seats,seat_type,status) VALUES (1,'AS05',6,'LEFT_WIN','UNOCCUPIED');
INSERT INTO seats (date_int,bus_id,no_seats,seat_type,status) VALUES (1,'AS05',7,'LEFT_SIDE','UNOCCUPIED');
INSERT INTO seats (date_int,bus_id,no_seats,seat_type,status) VALUES (1,'AS05',8,'RIGHT_WIN','UNOCCUPIED');
INSERT INTO seats (date_int,bus_id,no_seats,seat_type,status) VALUES (1,'AS05',9,'RIGHT_WIN_SEC','UNOCCUPIED');
INSERT INTO seats (date_int,bus_id,no_seats,seat_type,status) VALUES (1,'AS05',10,'RIGHT_WIN_THRD','UNOCCUPIED');
INSERT INTO seats (date_int,bus_id,no_seats,seat_type,status) VALUES (1,'AS05',11,'LEFT_WIN','UNOCCUPIED');
INSERT INTO seats (date_int,bus_id,no_seats,seat_type,status) VALUES (1,'AS05',12,'LEFT_SIDE','UNOCCUPIED');
INSERT INTO seats (date_int,bus_id,no_seats,seat_type,status) VALUES (1,'AS05',13,'RIGHT_WIN','UNOCCUPIED');
INSERT INTO seats (date_int,bus_id,no_seats,seat_type,status) VALUES (1,'AS05',14,'RIGHT_WIN_SEC','UNOCCUPIED');
INSERT INTO seats (date_int,bus_id,no_seats,seat_type,status) VALUES (1,'AS05',15,'RIGHT_WIN_THRD','UNOCCUPIED');
INSERT INTO seats (date_int,bus_id,no_seats,seat_type,status) VALUES (1,'AS05',16,'LEFT_WIN','UNOCCUPIED');
INSERT INTO seats (date_int,bus_id,no_seats,seat_type,status) VALUES (1,'AS05',17,'LEFT_SIDE','UNOCCUPIED');
INSERT INTO seats (date_int,bus_id,no_seats,seat_type,status) VALUES (1,'AS05',18,'RIGHT_WIN','UNOCCUPIED');
INSERT INTO seats (date_int,bus_id,no_seats,seat_type,status) VALUES (1,'AS05',19,'RIGHT_WIN_SEC','UNOCCUPIED');
INSERT INTO seats (date_int,bus_id,no_seats,seat_type,status) VALUES (1,'AS05',20,'RIGHT_WIN_THRD','UNOCCUPIED');
INSERT INTO seats (date_int,bus_id,no_seats,seat_type,status) VALUES (1,'AS05',21,'LEFT_WIN','UNOCCUPIED');
INSERT INTO seats (date_int,bus_id,no_seats,seat_type,status) VALUES (1,'AS05',22,'LEFT_SIDE','UNOCCUPIED');
INSERT INTO seats (date_int,bus_id,no_seats,seat_type,status) VALUES (1,'AS05',23,'RIGHT_WIN','UNOCCUPIED');
INSERT INTO seats (date_int,bus_id,no_seats,seat_type,status) VALUES (1,'AS05',24,'RIGHT_WIN_SEC','UNOCCUPIED');
INSERT INTO seats (date_int,bus_id,no_seats,seat_type,status) VALUES (1,'AS05',25,'RIGHT_WIN_THRD','UNOCCUPIED');
INSERT INTO seats (date_int,bus_id,no_seats,seat_type,status) VALUES (1,'AS05',26,'LEFT_WIN','UNOCCUPIED');
INSERT INTO seats (date_int,bus_id,no_seats,seat_type,status) VALUES (1,'AS05',27,'LEFT_SIDE','UNOCCUPIED');
INSERT INTO seats (date_int,bus_id,no_seats,seat_type,status) VALUES (1,'AS05',28,'RIGHT_WIN','UNOCCUPIED');
INSERT INTO seats (date_int,bus_id,no_seats,seat_type,status) VALUES (1,'AS05',29,'RIGHT_WIN_SEC','UNOCCUPIED');
INSERT INTO seats (date_int,bus_id,no_seats,seat_type,status) VALUES (1,'AS05',30,'RIGHT_WIN_THRD','UNOCCUPIED');
INSERT INTO seats (date_int,bus_id,no_seats,seat_type,status) VALUES (1,'AS05',31,'LEFT_WIN','UNOCCUPIED');
INSERT INTO seats (date_int,bus_id,no_seats,seat_type,status) VALUES (1,'AS05',31,'LEFT_SIDE','UNOCCUPIED');
INSERT INTO seats (date_int,bus_id,no_seats,seat_type,status) VALUES (1,'AS05',33,'RIGHT_WIN','UNOCCUPIED');
INSERT INTO seats (date_int,bus_id,no_seats,seat_type,status) VALUES (1,'AS05',34,'RIGHT_WIN_SEC','UNOCCUPIED');
INSERT INTO seats (date_int,bus_id,no_seats,seat_type,status) VALUES (1,'AS05',35,'RIGHT_WIN_THRD','UNOCCUPIED');
INSERT INTO seats (date_int,bus_id,no_seats,seat_type,status) VALUES (1,'AS05',36,'LEFT_WIN','UNOCCUPIED');
INSERT INTO seats (date_int,bus_id,no_seats,seat_type,status) VALUES (1,'AS05',37,'LEFT_SIDE','UNOCCUPIED');
INSERT INTO seats (date_int,bus_id,no_seats,seat_type,status) VALUES (1,'AS05',38,'RIGHT_WIN','UNOCCUPIED');
INSERT INTO seats (date_int,bus_id,no_seats,seat_type,status) VALUES (1,'AS05',39,'RIGHT_WIN_SEC','UNOCCUPIED');
INSERT INTO seats (date_int,bus_id,no_seats,seat_type,status) VALUES (1,'AS05',40,'RIGHT_WIN_THRD','UNOCCUPIED');
INSERT INTO seats (date_int,bus_id,no_seats,seat_type,status) VALUES (1,'AS06',1,'SIDE_UPPER','UNOCCUPIED');
INSERT INTO seats (date_int,bus_id,no_seats,seat_type,status) VALUES (1,'AS06',2,'SIDE_LOWER','UNOCCUPIED');
INSERT INTO seats (date_int,bus_id,no_seats,seat_type,status) VALUES (1,'AS06',3,'MAIN_SIDE_UPPER','UNOCCUPIED');
INSERT INTO seats (date_int,bus_id,no_seats,seat_type,status) VALUES (1,'AS06',4,'MAIN_SIDE_LOWER','UNOCCUPIED');
INSERT INTO seats (date_int,bus_id,no_seats,seat_type,status) VALUES (1,'AS06',5,'MAIN_WIN_UPPER','UNOCCUPIED');
INSERT INTO seats (date_int,bus_id,no_seats,seat_type,status) VALUES (1,'AS06',5,'MAIN_WIN_LOWER','UNOCCUPIED');
INSERT INTO seats (date_int,bus_id,no_seats,seat_type,status) VALUES (1,'AS06',7,'SIDE_UPPER','UNOCCUPIED');
INSERT INTO seats (date_int,bus_id,no_seats,seat_type,status) VALUES (1,'AS06',8,'SIDE_LOWER','UNOCCUPIED');
INSERT INTO seats (date_int,bus_id,no_seats,seat_type,status) VALUES (1,'AS06',9,'MAIN_SIDE_UPPER','UNOCCUPIED');
INSERT INTO seats (date_int,bus_id,no_seats,seat_type,status) VALUES (1,'AS06',10,'MAIN_SIDE_LOWER','UNOCCUPIED');
INSERT INTO seats (date_int,bus_id,no_seats,seat_type,status) VALUES (1,'AS06',11,'MAIN_WIN_UPPER','UNOCCUPIED');
INSERT INTO seats (date_int,bus_id,no_seats,seat_type,status) VALUES (1,'AS06',12,'MAIN_WIN_LOWER','UNOCCUPIED');
INSERT INTO seats (date_int,bus_id,no_seats,seat_type,status) VALUES (1,'AS06',13,'SIDE_UPPER','UNOCCUPIED');
INSERT INTO seats (date_int,bus_id,no_seats,seat_type,status) VALUES (1,'AS06',14,'SIDE_LOWER','UNOCCUPIED');
INSERT INTO seats (date_int,bus_id,no_seats,seat_type,status) VALUES (1,'AS06',15,'MAIN_SIDE_UPPER','UNOCCUPIED');
INSERT INTO seats (date_int,bus_id,no_seats,seat_type,status) VALUES (1,'AS06',16,'MAIN_SIDE_LOWER','UNOCCUPIED');
INSERT INTO seats (date_int,bus_id,no_seats,seat_type,status) VALUES (1,'AS06',17,'MAIN_WIN_UPPER','UNOCCUPIED');
INSERT INTO seats (date_int,bus_id,no_seats,seat_type,status) VALUES (1,'AS06',18,'MAIN_WIN_LOWER','UNOCCUPIED');
INSERT INTO seats (date_int,bus_id,no_seats,seat_type,status) VALUES (1,'AS06',19,'SIDE_UPPER','UNOCCUPIED');
INSERT INTO seats (date_int,bus_id,no_seats,seat_type,status) VALUES (1,'AS06',20,'SIDE_LOWER','UNOCCUPIED');
INSERT INTO seats (date_int,bus_id,no_seats,seat_type,status) VALUES (1,'AS06',21,'MAIN_SIDE_UPPER','UNOCCUPIED');
INSERT INTO seats (date_int,bus_id,no_seats,seat_type,status) VALUES (1,'AS06',22,'MAIN_SIDE_LOWER','UNOCCUPIED');
INSERT INTO seats (date_int,bus_id,no_seats,seat_type,status) VALUES (1,'AS06',23,'MAIN_WIN_UPPER','UNOCCUPIED');
INSERT INTO seats (date_int,bus_id,no_seats,seat_type,status) VALUES (1,'AS06',24,'MAIN_WIN_LOWER','UNOCCUPIED');
INSERT INTO seats (date_int,bus_id,no_seats,seat_type,status) VALUES (1,'AS06',25,'SIDE_UPPER','UNOCCUPIED');
INSERT INTO seats (date_int,bus_id,no_seats,seat_type,status) VALUES (1,'AS06',26,'SIDE_LOWER','UNOCCUPIED');
INSERT INTO seats (date_int,bus_id,no_seats,seat_type,status) VALUES (1,'AS06',27,'MAIN_SIDE_UPPER','UNOCCUPIED');
INSERT INTO seats (date_int,bus_id,no_seats,seat_type,status) VALUES (1,'AS06',28,'MAIN_SIDE_LOWER','UNOCCUPIED');
INSERT INTO seats (date_int,bus_id,no_seats,seat_type,status) VALUES (1,'AS06',29,'MAIN_WIN_UPPER','UNOCCUPIED');
INSERT INTO seats (date_int,bus_id,no_seats,seat_type,status) VALUES (1,'AS06',30,'MAIN_WIN_LOWER','UNOCCUPIED');
INSERT INTO seats (date_int,bus_id,no_seats,seat_type,status) VALUES (1,'AS06',31,'SIDE_UPPER','UNOCCUPIED');
INSERT INTO seats (date_int,bus_id,no_seats,seat_type,status) VALUES (1,'AS06',32,'SIDE_LOWER','UNOCCUPIED');
INSERT INTO seats (date_int,bus_id,no_seats,seat_type,status) VALUES (1,'AS06',33,'MAIN_SIDE_UPPER','UNOCCUPIED');
INSERT INTO seats (date_int,bus_id,no_seats,seat_type,status) VALUES (1,'AS06',34,'MAIN_SIDE_LOWER','UNOCCUPIED');
INSERT INTO seats (date_int,bus_id,no_seats,seat_type,status) VALUES (1,'AS06',35,'MAIN_WIN_UPPER','UNOCCUPIED');
INSERT INTO seats (date_int,bus_id,no_seats,seat_type,status) VALUES (1,'AS06',36,'MAIN_WIN_LOWER','UNOCCUPIED');
INSERT INTO seats (date_int,bus_id,no_seats,seat_type,status) VALUES (1,'AS07',1,'SIDE_UPPER','UNOCCUPIED');
INSERT INTO seats (date_int,bus_id,no_seats,seat_type,status) VALUES (1,'AS07',2,'SIDE_LOWER','UNOCCUPIED');
INSERT INTO seats (date_int,bus_id,no_seats,seat_type,status) VALUES (1,'AS07',3,'MAIN_SIDE_UPPER','UNOCCUPIED');
INSERT INTO seats (date_int,bus_id,no_seats,seat_type,status) VALUES (1,'AS07',4,'MAIN_SIDE_LOWER','UNOCCUPIED');
INSERT INTO seats (date_int,bus_id,no_seats,seat_type,status) VALUES (1,'AS07',5,'MAIN_WIN_UPPER','UNOCCUPIED');
INSERT INTO seats (date_int,bus_id,no_seats,seat_type,status) VALUES (1,'AS07',5,'MAIN_WIN_LOWER','UNOCCUPIED');
INSERT INTO seats (date_int,bus_id,no_seats,seat_type,status) VALUES (1,'AS07',7,'SIDE_UPPER','UNOCCUPIED');
INSERT INTO seats (date_int,bus_id,no_seats,seat_type,status) VALUES (1,'AS07',8,'SIDE_LOWER','UNOCCUPIED');
INSERT INTO seats (date_int,bus_id,no_seats,seat_type,status) VALUES (1,'AS07',9,'MAIN_SIDE_UPPER','UNOCCUPIED');
INSERT INTO seats (date_int,bus_id,no_seats,seat_type,status) VALUES (1,'AS07',10,'MAIN_SIDE_LOWER','UNOCCUPIED');
INSERT INTO seats (date_int,bus_id,no_seats,seat_type,status) VALUES (1,'AS07',11,'MAIN_WIN_UPPER','UNOCCUPIED');
INSERT INTO seats (date_int,bus_id,no_seats,seat_type,status) VALUES (1,'AS07',12,'MAIN_WIN_LOWER','UNOCCUPIED');
INSERT INTO seats (date_int,bus_id,no_seats,seat_type,status) VALUES (1,'AS07',13,'SIDE_UPPER','UNOCCUPIED');
INSERT INTO seats (date_int,bus_id,no_seats,seat_type,status) VALUES (1,'AS07',14,'SIDE_LOWER','UNOCCUPIED');
INSERT INTO seats (date_int,bus_id,no_seats,seat_type,status) VALUES (1,'AS07',15,'MAIN_SIDE_UPPER','UNOCCUPIED');
INSERT INTO seats (date_int,bus_id,no_seats,seat_type,status) VALUES (1,'AS07',16,'MAIN_SIDE_LOWER','UNOCCUPIED');
INSERT INTO seats (date_int,bus_id,no_seats,seat_type,status) VALUES (1,'AS07',17,'MAIN_WIN_UPPER','UNOCCUPIED');
INSERT INTO seats (date_int,bus_id,no_seats,seat_type,status) VALUES (1,'AS07',18,'MAIN_WIN_LOWER','UNOCCUPIED');
INSERT INTO seats (date_int,bus_id,no_seats,seat_type,status) VALUES (1,'AS07',19,'SIDE_UPPER','UNOCCUPIED');
INSERT INTO seats (date_int,bus_id,no_seats,seat_type,status) VALUES (1,'AS07',20,'SIDE_LOWER','UNOCCUPIED');
INSERT INTO seats (date_int,bus_id,no_seats,seat_type,status) VALUES (1,'AS07',21,'MAIN_SIDE_UPPER','UNOCCUPIED');
INSERT INTO seats (date_int,bus_id,no_seats,seat_type,status) VALUES (1,'AS07',22,'MAIN_SIDE_LOWER','UNOCCUPIED');
INSERT INTO seats (date_int,bus_id,no_seats,seat_type,status) VALUES (1,'AS07',23,'MAIN_WIN_UPPER','UNOCCUPIED');
INSERT INTO seats (date_int,bus_id,no_seats,seat_type,status) VALUES (1,'AS07',24,'MAIN_WIN_LOWER','UNOCCUPIED');
INSERT INTO seats (date_int,bus_id,no_seats,seat_type,status) VALUES (1,'AS07',25,'SIDE_UPPER','UNOCCUPIED');
INSERT INTO seats (date_int,bus_id,no_seats,seat_type,status) VALUES (1,'AS07',26,'SIDE_LOWER','UNOCCUPIED');
INSERT INTO seats (date_int,bus_id,no_seats,seat_type,status) VALUES (1,'AS07',27,'MAIN_SIDE_UPPER','UNOCCUPIED');
INSERT INTO seats (date_int,bus_id,no_seats,seat_type,status) VALUES (1,'AS07',28,'MAIN_SIDE_LOWER','UNOCCUPIED');
INSERT INTO seats (date_int,bus_id,no_seats,seat_type,status) VALUES (1,'AS07',29,'MAIN_WIN_UPPER','UNOCCUPIED');
INSERT INTO seats (date_int,bus_id,no_seats,seat_type,status) VALUES (1,'AS07',30,'MAIN_WIN_LOWER','UNOCCUPIED');
INSERT INTO seats (date_int,bus_id,no_seats,seat_type,status) VALUES (1,'AS07',31,'SIDE_UPPER','UNOCCUPIED');
INSERT INTO seats (date_int,bus_id,no_seats,seat_type,status) VALUES (1,'AS07',32,'SIDE_LOWER','UNOCCUPIED');
INSERT INTO seats (date_int,bus_id,no_seats,seat_type,status) VALUES (1,'AS07',33,'MAIN_SIDE_UPPER','UNOCCUPIED');
INSERT INTO seats (date_int,bus_id,no_seats,seat_type,status) VALUES (1,'AS07',34,'MAIN_SIDE_LOWER','UNOCCUPIED');
INSERT INTO seats (date_int,bus_id,no_seats,seat_type,status) VALUES (1,'AS07',35,'MAIN_WIN_UPPER','UNOCCUPIED');
INSERT INTO seats (date_int,bus_id,no_seats,seat_type,status) VALUES (1,'AS07',36,'MAIN_WIN_LOWER','UNOCCUPIED');
INSERT INTO seats (date_int,bus_id,no_seats,seat_type,status) VALUES (1,'AS07',1,'SIDE_UPPER','UNOCCUPIED');
INSERT INTO seats (date_int,bus_id,no_seats,seat_type,status) VALUES (1,'AS07',2,'SIDE_LOWER','UNOCCUPIED');
INSERT INTO seats (date_int,bus_id,no_seats,seat_type,status) VALUES (1,'AS07',3,'MAIN_SIDE_UPPER','UNOCCUPIED');
INSERT INTO seats (date_int,bus_id,no_seats,seat_type,status) VALUES (1,'AS07',4,'MAIN_SIDE_LOWER','UNOCCUPIED');
INSERT INTO seats (date_int,bus_id,no_seats,seat_type,status) VALUES (1,'AS07',5,'MAIN_WIN_UPPER','UNOCCUPIED');
INSERT INTO seats (date_int,bus_id,no_seats,seat_type,status) VALUES (1,'AS07',5,'MAIN_WIN_LOWER','UNOCCUPIED');
INSERT INTO seats (date_int,bus_id,no_seats,seat_type,status) VALUES (1,'AS07',7,'SIDE_UPPER','UNOCCUPIED');
INSERT INTO seats (date_int,bus_id,no_seats,seat_type,status) VALUES (1,'AS07',8,'SIDE_LOWER','UNOCCUPIED');
INSERT INTO seats (date_int,bus_id,no_seats,seat_type,status) VALUES (1,'AS07',9,'MAIN_SIDE_UPPER','UNOCCUPIED');
INSERT INTO seats (date_int,bus_id,no_seats,seat_type,status) VALUES (1,'AS07',10,'MAIN_SIDE_LOWER','UNOCCUPIED');
INSERT INTO seats (date_int,bus_id,no_seats,seat_type,status) VALUES (1,'AS07',11,'MAIN_WIN_UPPER','UNOCCUPIED');
INSERT INTO seats (date_int,bus_id,no_seats,seat_type,status) VALUES (1,'AS07',12,'MAIN_WIN_LOWER','UNOCCUPIED');
INSERT INTO seats (date_int,bus_id,no_seats,seat_type,status) VALUES (1,'AS07',13,'SIDE_UPPER','UNOCCUPIED');
INSERT INTO seats (date_int,bus_id,no_seats,seat_type,status) VALUES (1,'AS07',14,'SIDE_LOWER','UNOCCUPIED');
INSERT INTO seats (date_int,bus_id,no_seats,seat_type,status) VALUES (1,'AS07',15,'MAIN_SIDE_UPPER','UNOCCUPIED');
INSERT INTO seats (date_int,bus_id,no_seats,seat_type,status) VALUES (1,'AS07',16,'MAIN_SIDE_LOWER','UNOCCUPIED');
INSERT INTO seats (date_int,bus_id,no_seats,seat_type,status) VALUES (1,'AS07',17,'MAIN_WIN_UPPER','UNOCCUPIED');
INSERT INTO seats (date_int,bus_id,no_seats,seat_type,status) VALUES (1,'AS07',18,'MAIN_WIN_LOWER','UNOCCUPIED');
INSERT INTO seats (date_int,bus_id,no_seats,seat_type,status) VALUES (1,'AS07',19,'SIDE_UPPER','UNOCCUPIED');
INSERT INTO seats (date_int,bus_id,no_seats,seat_type,status) VALUES (1,'AS07',20,'SIDE_LOWER','UNOCCUPIED');
INSERT INTO seats (date_int,bus_id,no_seats,seat_type,status) VALUES (1,'AS07',21,'MAIN_SIDE_UPPER','UNOCCUPIED');
INSERT INTO seats (date_int,bus_id,no_seats,seat_type,status) VALUES (1,'AS07',22,'MAIN_SIDE_LOWER','UNOCCUPIED');
INSERT INTO seats (date_int,bus_id,no_seats,seat_type,status) VALUES (1,'AS07',23,'MAIN_WIN_UPPER','UNOCCUPIED');
INSERT INTO seats (date_int,bus_id,no_seats,seat_type,status) VALUES (1,'AS07',24,'MAIN_WIN_LOWER','UNOCCUPIED');
INSERT INTO seats (date_int,bus_id,no_seats,seat_type,status) VALUES (1,'AS07',25,'SIDE_UPPER','UNOCCUPIED');
INSERT INTO seats (date_int,bus_id,no_seats,seat_type,status) VALUES (1,'AS07',26,'SIDE_LOWER','UNOCCUPIED');
INSERT INTO seats (date_int,bus_id,no_seats,seat_type,status) VALUES (1,'AS07',27,'MAIN_SIDE_UPPER','UNOCCUPIED');
INSERT INTO seats (date_int,bus_id,no_seats,seat_type,status) VALUES (1,'AS07',28,'MAIN_SIDE_LOWER','UNOCCUPIED');
INSERT INTO seats (date_int,bus_id,no_seats,seat_type,status) VALUES (1,'AS07',29,'MAIN_WIN_UPPER','UNOCCUPIED');
INSERT INTO seats (date_int,bus_id,no_seats,seat_type,status) VALUES (1,'AS07',30,'MAIN_WIN_LOWER','UNOCCUPIED');
INSERT INTO seats (date_int,bus_id,no_seats,seat_type,status) VALUES (1,'AS07',31,'SIDE_UPPER','UNOCCUPIED');
INSERT INTO seats (date_int,bus_id,no_seats,seat_type,status) VALUES (1,'AS07',32,'SIDE_LOWER','UNOCCUPIED');
INSERT INTO seats (date_int,bus_id,no_seats,seat_type,status) VALUES (1,'AS07',33,'MAIN_SIDE_UPPER','UNOCCUPIED');
INSERT INTO seats (date_int,bus_id,no_seats,seat_type,status) VALUES (1,'AS07',34,'MAIN_SIDE_LOWER','UNOCCUPIED');
INSERT INTO seats (date_int,bus_id,no_seats,seat_type,status) VALUES (1,'AS07',35,'MAIN_WIN_UPPER','UNOCCUPIED');
INSERT INTO seats (date_int,bus_id,no_seats,seat_type,status) VALUES (1,'AS07',36,'MAIN_WIN_LOWER','UNOCCUPIED');
INSERT INTO seats (date_int,bus_id,no_seats,seat_type,status) VALUES (1,'AS08',1,'SIDE_UPPER','UNOCCUPIED');
INSERT INTO seats (date_int,bus_id,no_seats,seat_type,status) VALUES (1,'AS08',2,'SIDE_LOWER','UNOCCUPIED');
INSERT INTO seats (date_int,bus_id,no_seats,seat_type,status) VALUES (1,'AS08',3,'MAIN_SIDE_UPPER','UNOCCUPIED');
INSERT INTO seats (date_int,bus_id,no_seats,seat_type,status) VALUES (1,'AS08',4,'MAIN_SIDE_LOWER','UNOCCUPIED');
INSERT INTO seats (date_int,bus_id,no_seats,seat_type,status) VALUES (1,'AS08',5,'MAIN_WIN_UPPER','UNOCCUPIED');
INSERT INTO seats (date_int,bus_id,no_seats,seat_type,status) VALUES (1,'AS08',5,'MAIN_WIN_LOWER','UNOCCUPIED');
INSERT INTO seats (date_int,bus_id,no_seats,seat_type,status) VALUES (1,'AS08',7,'SIDE_UPPER','UNOCCUPIED');
INSERT INTO seats (date_int,bus_id,no_seats,seat_type,status) VALUES (1,'AS08',8,'SIDE_LOWER','UNOCCUPIED');
INSERT INTO seats (date_int,bus_id,no_seats,seat_type,status) VALUES (1,'AS08',9,'MAIN_SIDE_UPPER','UNOCCUPIED');
INSERT INTO seats (date_int,bus_id,no_seats,seat_type,status) VALUES (1,'AS08',10,'MAIN_SIDE_LOWER','UNOCCUPIED');
INSERT INTO seats (date_int,bus_id,no_seats,seat_type,status) VALUES (1,'AS08',11,'MAIN_WIN_UPPER','UNOCCUPIED');
INSERT INTO seats (date_int,bus_id,no_seats,seat_type,status) VALUES (1,'AS08',12,'MAIN_WIN_LOWER','UNOCCUPIED');
INSERT INTO seats (date_int,bus_id,no_seats,seat_type,status) VALUES (1,'AS08',13,'SIDE_UPPER','UNOCCUPIED');
INSERT INTO seats (date_int,bus_id,no_seats,seat_type,status) VALUES (1,'AS08',14,'SIDE_LOWER','UNOCCUPIED');
INSERT INTO seats (date_int,bus_id,no_seats,seat_type,status) VALUES (1,'AS08',15,'MAIN_SIDE_UPPER','UNOCCUPIED');
INSERT INTO seats (date_int,bus_id,no_seats,seat_type,status) VALUES (1,'AS08',16,'MAIN_SIDE_LOWER','UNOCCUPIED');
INSERT INTO seats (date_int,bus_id,no_seats,seat_type,status) VALUES (1,'AS08',17,'MAIN_WIN_UPPER','UNOCCUPIED');
INSERT INTO seats (date_int,bus_id,no_seats,seat_type,status) VALUES (1,'AS08',18,'MAIN_WIN_LOWER','UNOCCUPIED');
INSERT INTO seats (date_int,bus_id,no_seats,seat_type,status) VALUES (1,'AS08',19,'SIDE_UPPER','UNOCCUPIED');
INSERT INTO seats (date_int,bus_id,no_seats,seat_type,status) VALUES (1,'AS08',20,'SIDE_LOWER','UNOCCUPIED');
INSERT INTO seats (date_int,bus_id,no_seats,seat_type,status) VALUES (1,'AS08',21,'MAIN_SIDE_UPPER','UNOCCUPIED');
INSERT INTO seats (date_int,bus_id,no_seats,seat_type,status) VALUES (1,'AS08',22,'MAIN_SIDE_LOWER','UNOCCUPIED');
INSERT INTO seats (date_int,bus_id,no_seats,seat_type,status) VALUES (1,'AS08',23,'MAIN_WIN_UPPER','UNOCCUPIED');
INSERT INTO seats (date_int,bus_id,no_seats,seat_type,status) VALUES (1,'AS08',24,'MAIN_WIN_LOWER','UNOCCUPIED');
INSERT INTO seats (date_int,bus_id,no_seats,seat_type,status) VALUES (1,'AS08',25,'SIDE_UPPER','UNOCCUPIED');
INSERT INTO seats (date_int,bus_id,no_seats,seat_type,status) VALUES (1,'AS08',26,'SIDE_LOWER','UNOCCUPIED');
INSERT INTO seats (date_int,bus_id,no_seats,seat_type,status) VALUES (1,'AS08',27,'MAIN_SIDE_UPPER','UNOCCUPIED');
INSERT INTO seats (date_int,bus_id,no_seats,seat_type,status) VALUES (1,'AS08',28,'MAIN_SIDE_LOWER','UNOCCUPIED');
INSERT INTO seats (date_int,bus_id,no_seats,seat_type,status) VALUES (1,'AS08',29,'MAIN_WIN_UPPER','UNOCCUPIED');
INSERT INTO seats (date_int,bus_id,no_seats,seat_type,status) VALUES (1,'AS08',30,'MAIN_WIN_LOWER','UNOCCUPIED');
INSERT INTO seats (date_int,bus_id,no_seats,seat_type,status) VALUES (1,'AS08',31,'SIDE_UPPER','UNOCCUPIED');
INSERT INTO seats (date_int,bus_id,no_seats,seat_type,status) VALUES (1,'AS08',32,'SIDE_LOWER','UNOCCUPIED');
INSERT INTO seats (date_int,bus_id,no_seats,seat_type,status) VALUES (1,'AS08',33,'MAIN_SIDE_UPPER','UNOCCUPIED');
INSERT INTO seats (date_int,bus_id,no_seats,seat_type,status) VALUES (1,'AS08',34,'MAIN_SIDE_LOWER','UNOCCUPIED');
INSERT INTO seats (date_int,bus_id,no_seats,seat_type,status) VALUES (1,'AS08',35,'MAIN_WIN_UPPER','UNOCCUPIED');
INSERT INTO seats (date_int,bus_id,no_seats,seat_type,status) VALUES (1,'AS08',36,'MAIN_WIN_LOWER','UNOCCUPIED');
INSERT INTO seats (date_int,bus_id,no_seats,seat_type,status) VALUES (1,'AS09',1,'SIDE_UPPER','UNOCCUPIED');
INSERT INTO seats (date_int,bus_id,no_seats,seat_type,status) VALUES (1,'AS09',2,'SIDE_LOWER','UNOCCUPIED');
INSERT INTO seats (date_int,bus_id,no_seats,seat_type,status) VALUES (1,'AS09',3,'MAIN_SIDE_UPPER','UNOCCUPIED');
INSERT INTO seats (date_int,bus_id,no_seats,seat_type,status) VALUES (1,'AS09',4,'MAIN_SIDE_LOWER','UNOCCUPIED');
INSERT INTO seats (date_int,bus_id,no_seats,seat_type,status) VALUES (1,'AS09',5,'MAIN_WIN_UPPER','UNOCCUPIED');
INSERT INTO seats (date_int,bus_id,no_seats,seat_type,status) VALUES (1,'AS09',5,'MAIN_WIN_LOWER','UNOCCUPIED');
INSERT INTO seats (date_int,bus_id,no_seats,seat_type,status) VALUES (1,'AS09',7,'SIDE_UPPER','UNOCCUPIED');
INSERT INTO seats (date_int,bus_id,no_seats,seat_type,status) VALUES (1,'AS09',8,'SIDE_LOWER','UNOCCUPIED');
INSERT INTO seats (date_int,bus_id,no_seats,seat_type,status) VALUES (1,'AS09',9,'MAIN_SIDE_UPPER','UNOCCUPIED');
INSERT INTO seats (date_int,bus_id,no_seats,seat_type,status) VALUES (1,'AS09',10,'MAIN_SIDE_LOWER','UNOCCUPIED');
INSERT INTO seats (date_int,bus_id,no_seats,seat_type,status) VALUES (1,'AS09',11,'MAIN_WIN_UPPER','UNOCCUPIED');
INSERT INTO seats (date_int,bus_id,no_seats,seat_type,status) VALUES (1,'AS09',12,'MAIN_WIN_LOWER','UNOCCUPIED');
INSERT INTO seats (date_int,bus_id,no_seats,seat_type,status) VALUES (1,'AS09',13,'SIDE_UPPER','UNOCCUPIED');
INSERT INTO seats (date_int,bus_id,no_seats,seat_type,status) VALUES (1,'AS09',14,'SIDE_LOWER','UNOCCUPIED');
INSERT INTO seats (date_int,bus_id,no_seats,seat_type,status) VALUES (1,'AS09',15,'MAIN_SIDE_UPPER','UNOCCUPIED');
INSERT INTO seats (date_int,bus_id,no_seats,seat_type,status) VALUES (1,'AS09',16,'MAIN_SIDE_LOWER','UNOCCUPIED');
INSERT INTO seats (date_int,bus_id,no_seats,seat_type,status) VALUES (1,'AS09',17,'MAIN_WIN_UPPER','UNOCCUPIED');
INSERT INTO seats (date_int,bus_id,no_seats,seat_type,status) VALUES (1,'AS09',18,'MAIN_WIN_LOWER','UNOCCUPIED');
INSERT INTO seats (date_int,bus_id,no_seats,seat_type,status) VALUES (1,'AS09',19,'SIDE_UPPER','UNOCCUPIED');
INSERT INTO seats (date_int,bus_id,no_seats,seat_type,status) VALUES (1,'AS09',20,'SIDE_LOWER','UNOCCUPIED');
INSERT INTO seats (date_int,bus_id,no_seats,seat_type,status) VALUES (1,'AS09',21,'MAIN_SIDE_UPPER','UNOCCUPIED');
INSERT INTO seats (date_int,bus_id,no_seats,seat_type,status) VALUES (1,'AS09',22,'MAIN_SIDE_LOWER','UNOCCUPIED');
INSERT INTO seats (date_int,bus_id,no_seats,seat_type,status) VALUES (1,'AS09',23,'MAIN_WIN_UPPER','UNOCCUPIED');
INSERT INTO seats (date_int,bus_id,no_seats,seat_type,status) VALUES (1,'AS09',24,'MAIN_WIN_LOWER','UNOCCUPIED');
INSERT INTO seats (date_int,bus_id,no_seats,seat_type,status) VALUES (1,'AS09',25,'SIDE_UPPER','UNOCCUPIED');
INSERT INTO seats (date_int,bus_id,no_seats,seat_type,status) VALUES (1,'AS09',26,'SIDE_LOWER','UNOCCUPIED');
INSERT INTO seats (date_int,bus_id,no_seats,seat_type,status) VALUES (1,'AS09',27,'MAIN_SIDE_UPPER','UNOCCUPIED');
INSERT INTO seats (date_int,bus_id,no_seats,seat_type,status) VALUES (1,'AS09',28,'MAIN_SIDE_LOWER','UNOCCUPIED');
INSERT INTO seats (date_int,bus_id,no_seats,seat_type,status) VALUES (1,'AS09',29,'MAIN_WIN_UPPER','UNOCCUPIED');
INSERT INTO seats (date_int,bus_id,no_seats,seat_type,status) VALUES (1,'AS09',30,'MAIN_WIN_LOWER','UNOCCUPIED');
INSERT INTO seats (date_int,bus_id,no_seats,seat_type,status) VALUES (1,'AS09',31,'SIDE_UPPER','UNOCCUPIED');
INSERT INTO seats (date_int,bus_id,no_seats,seat_type,status) VALUES (1,'AS09',32,'SIDE_LOWER','UNOCCUPIED');
INSERT INTO seats (date_int,bus_id,no_seats,seat_type,status) VALUES (1,'AS09',33,'MAIN_SIDE_UPPER','UNOCCUPIED');
INSERT INTO seats (date_int,bus_id,no_seats,seat_type,status) VALUES (1,'AS09',34,'MAIN_SIDE_LOWER','UNOCCUPIED');
INSERT INTO seats (date_int,bus_id,no_seats,seat_type,status) VALUES (1,'AS09',35,'MAIN_WIN_UPPER','UNOCCUPIED');
INSERT INTO seats (date_int,bus_id,no_seats,seat_type,status) VALUES (1,'AS09',36,'MAIN_WIN_LOWER','UNOCCUPIED');
INSERT INTO seats (date_int,bus_id,no_seats,seat_type,status) VALUES (1,'AS10',1,'SIDE_UPPER','UNOCCUPIED');
INSERT INTO seats (date_int,bus_id,no_seats,seat_type,status) VALUES (1,'AS10',2,'SIDE_LOWER','UNOCCUPIED');
INSERT INTO seats (date_int,bus_id,no_seats,seat_type,status) VALUES (1,'AS10',3,'MAIN_SIDE_UPPER','UNOCCUPIED');
INSERT INTO seats (date_int,bus_id,no_seats,seat_type,status) VALUES (1,'AS10',4,'MAIN_SIDE_LOWER','UNOCCUPIED');
INSERT INTO seats (date_int,bus_id,no_seats,seat_type,status) VALUES (1,'AS10',5,'MAIN_WIN_UPPER','UNOCCUPIED');
INSERT INTO seats (date_int,bus_id,no_seats,seat_type,status) VALUES (1,'AS10',5,'MAIN_WIN_LOWER','UNOCCUPIED');
INSERT INTO seats (date_int,bus_id,no_seats,seat_type,status) VALUES (1,'AS10',7,'SIDE_UPPER','UNOCCUPIED');
INSERT INTO seats (date_int,bus_id,no_seats,seat_type,status) VALUES (1,'AS10',8,'SIDE_LOWER','UNOCCUPIED');
INSERT INTO seats (date_int,bus_id,no_seats,seat_type,status) VALUES (1,'AS10',9,'MAIN_SIDE_UPPER','UNOCCUPIED');
INSERT INTO seats (date_int,bus_id,no_seats,seat_type,status) VALUES (1,'AS10',10,'MAIN_SIDE_LOWER','UNOCCUPIED');
INSERT INTO seats (date_int,bus_id,no_seats,seat_type,status) VALUES (1,'AS10',11,'MAIN_WIN_UPPER','UNOCCUPIED');
INSERT INTO seats (date_int,bus_id,no_seats,seat_type,status) VALUES (1,'AS10',12,'MAIN_WIN_LOWER','UNOCCUPIED');
INSERT INTO seats (date_int,bus_id,no_seats,seat_type,status) VALUES (1,'AS10',13,'SIDE_UPPER','UNOCCUPIED');
INSERT INTO seats (date_int,bus_id,no_seats,seat_type,status) VALUES (1,'AS10',14,'SIDE_LOWER','UNOCCUPIED');
INSERT INTO seats (date_int,bus_id,no_seats,seat_type,status) VALUES (1,'AS10',15,'MAIN_SIDE_UPPER','UNOCCUPIED');
INSERT INTO seats (date_int,bus_id,no_seats,seat_type,status) VALUES (1,'AS10',16,'MAIN_SIDE_LOWER','UNOCCUPIED');
INSERT INTO seats (date_int,bus_id,no_seats,seat_type,status) VALUES (1,'AS10',17,'MAIN_WIN_UPPER','UNOCCUPIED');
INSERT INTO seats (date_int,bus_id,no_seats,seat_type,status) VALUES (1,'AS10',18,'MAIN_WIN_LOWER','UNOCCUPIED');
INSERT INTO seats (date_int,bus_id,no_seats,seat_type,status) VALUES (1,'AS10',19,'SIDE_UPPER','UNOCCUPIED');
INSERT INTO seats (date_int,bus_id,no_seats,seat_type,status) VALUES (1,'AS10',20,'SIDE_LOWER','UNOCCUPIED');
INSERT INTO seats (date_int,bus_id,no_seats,seat_type,status) VALUES (1,'AS10',21,'MAIN_SIDE_UPPER','UNOCCUPIED');
INSERT INTO seats (date_int,bus_id,no_seats,seat_type,status) VALUES (1,'AS10',22,'MAIN_SIDE_LOWER','UNOCCUPIED');
INSERT INTO seats (date_int,bus_id,no_seats,seat_type,status) VALUES (1,'AS10',23,'MAIN_WIN_UPPER','UNOCCUPIED');
INSERT INTO seats (date_int,bus_id,no_seats,seat_type,status) VALUES (1,'AS10',24,'MAIN_WIN_LOWER','UNOCCUPIED');
INSERT INTO seats (date_int,bus_id,no_seats,seat_type,status) VALUES (1,'AS10',25,'SIDE_UPPER','UNOCCUPIED');
INSERT INTO seats (date_int,bus_id,no_seats,seat_type,status) VALUES (1,'AS10',26,'SIDE_LOWER','UNOCCUPIED');
INSERT INTO seats (date_int,bus_id,no_seats,seat_type,status) VALUES (1,'AS10',27,'MAIN_SIDE_UPPER','UNOCCUPIED');
INSERT INTO seats (date_int,bus_id,no_seats,seat_type,status) VALUES (1,'AS10',28,'MAIN_SIDE_LOWER','UNOCCUPIED');
INSERT INTO seats (date_int,bus_id,no_seats,seat_type,status) VALUES (1,'AS10',29,'MAIN_WIN_UPPER','UNOCCUPIED');
INSERT INTO seats (date_int,bus_id,no_seats,seat_type,status) VALUES (1,'AS10',30,'MAIN_WIN_LOWER','UNOCCUPIED');
INSERT INTO seats (date_int,bus_id,no_seats,seat_type,status) VALUES (1,'AS10',31,'SIDE_UPPER','UNOCCUPIED');
INSERT INTO seats (date_int,bus_id,no_seats,seat_type,status) VALUES (1,'AS10',32,'SIDE_LOWER','UNOCCUPIED');
INSERT INTO seats (date_int,bus_id,no_seats,seat_type,status) VALUES (1,'AS10',33,'MAIN_SIDE_UPPER','UNOCCUPIED');
INSERT INTO seats (date_int,bus_id,no_seats,seat_type,status) VALUES (1,'AS10',34,'MAIN_SIDE_LOWER','UNOCCUPIED');
INSERT INTO seats (date_int,bus_id,no_seats,seat_type,status) VALUES (1,'AS10',35,'MAIN_WIN_UPPER','UNOCCUPIED');
INSERT INTO seats (date_int,bus_id,no_seats,seat_type,status) VALUES (1,'AS10',36,'MAIN_WIN_LOWER','UNOCCUPIED');








INSERT INTO seats (date_int,bus_id,no_seats,seat_type,status) VALUES (2,'AS01',1,'WINDOW','UNOCCUPIED');
INSERT INTO seats (date_int,bus_id,no_seats,seat_type,status) VALUES (2,'AS01',2,'SIDE','UNOCCUPIED');
INSERT INTO seats (date_int,bus_id,no_seats,seat_type,status) VALUES (2,'AS01',3,'WINDOW','UNOCCUPIED');
INSERT INTO seats (date_int,bus_id,no_seats,seat_type,status) VALUES (2,'AS01',4,'SIDE','UNOCCUPIED');
INSERT INTO seats (date_int,bus_id,no_seats,seat_type,status) VALUES (2,'AS01',5,'WINDOW','UNOCCUPIED');
INSERT INTO seats (date_int,bus_id,no_seats,seat_type,status) VALUES (2,'AS01',6,'SIDE','UNOCCUPIED');
INSERT INTO seats (date_int,bus_id,no_seats,seat_type,status) VALUES (2,'AS01',7,'WINDOW','UNOCCUPIED');
INSERT INTO seats (date_int,bus_id,no_seats,seat_type,status) VALUES (2,'AS01',8,'SIDE','UNOCCUPIED');
INSERT INTO seats (date_int,bus_id,no_seats,seat_type,status) VALUES (2,'AS01',9,'WINDOW','UNOCCUPIED');
INSERT INTO seats (date_int,bus_id,no_seats,seat_type,status) VALUES (2,'AS01',10,'SIDE','UNOCCUPIED');
INSERT INTO seats (date_int,bus_id,no_seats,seat_type,status) VALUES (2,'AS01',11,'WINDOW','UNOCCUPIED');
INSERT INTO seats (date_int,bus_id,no_seats,seat_type,status) VALUES (2,'AS01',12,'SIDE','UNOCCUPIED');
INSERT INTO seats (date_int,bus_id,no_seats,seat_type,status) VALUES (2,'AS01',13,'WINDOW','UNOCCUPIED');
INSERT INTO seats (date_int,bus_id,no_seats,seat_type,status) VALUES (2,'AS01',14,'SIDE','UNOCCUPIED');
INSERT INTO seats (date_int,bus_id,no_seats,seat_type,status) VALUES (2,'AS01',15,'WINDOW','UNOCCUPIED');
INSERT INTO seats (date_int,bus_id,no_seats,seat_type,status) VALUES (2,'AS01',16,'SIDE','UNOCCUPIED');
INSERT INTO seats (date_int,bus_id,no_seats,seat_type,status) VALUES (2,'AS01',17,'WINDOW','UNOCCUPIED');
INSERT INTO seats (date_int,bus_id,no_seats,seat_type,status) VALUES (2,'AS01',18,'SIDE','UNOCCUPIED');
INSERT INTO seats (date_int,bus_id,no_seats,seat_type,status) VALUES (2,'AS01',19,'WINDOW','UNOCCUPIED');
INSERT INTO seats (date_int,bus_id,no_seats,seat_type,status) VALUES (2,'AS01',20,'SIDE','UNOCCUPIED');
INSERT INTO seats (date_int,bus_id,no_seats,seat_type,status) VALUES (2,'AS02',1,'SIDE_UPPER','UNOCCUPIED');
INSERT INTO seats (date_int,bus_id,no_seats,seat_type,status) VALUES (2,'AS02',2,'SIDE_LOWER','UNOCCUPIED');
INSERT INTO seats (date_int,bus_id,no_seats,seat_type,status) VALUES (2,'AS02',3,'MAIN_SIDE_UPPER','UNOCCUPIED');
INSERT INTO seats (date_int,bus_id,no_seats,seat_type,status) VALUES (2,'AS02',4,'MAIN_SIDE_LOWER','UNOCCUPIED');
INSERT INTO seats (date_int,bus_id,no_seats,seat_type,status) VALUES (2,'AS02',5,'MAIN_WIN_UPPER','UNOCCUPIED');
INSERT INTO seats (date_int,bus_id,no_seats,seat_type,status) VALUES (2,'AS02',5,'MAIN_WIN_LOWER','UNOCCUPIED');
INSERT INTO seats (date_int,bus_id,no_seats,seat_type,status) VALUES (2,'AS02',7,'SIDE_UPPER','UNOCCUPIED');
INSERT INTO seats (date_int,bus_id,no_seats,seat_type,status) VALUES (2,'AS02',8,'SIDE_LOWER','UNOCCUPIED');
INSERT INTO seats (date_int,bus_id,no_seats,seat_type,status) VALUES (2,'AS02',9,'MAIN_SIDE_UPPER','UNOCCUPIED');
INSERT INTO seats (date_int,bus_id,no_seats,seat_type,status) VALUES (2,'AS02',10,'MAIN_SIDE_LOWER','UNOCCUPIED');
INSERT INTO seats (date_int,bus_id,no_seats,seat_type,status) VALUES (2,'AS02',11,'MAIN_WIN_UPPER','UNOCCUPIED');
INSERT INTO seats (date_int,bus_id,no_seats,seat_type,status) VALUES (2,'AS02',12,'MAIN_WIN_LOWER','UNOCCUPIED');
INSERT INTO seats (date_int,bus_id,no_seats,seat_type,status) VALUES (2,'AS02',13,'SIDE_UPPER','UNOCCUPIED');
INSERT INTO seats (date_int,bus_id,no_seats,seat_type,status) VALUES (2,'AS02',14,'SIDE_LOWER','UNOCCUPIED');
INSERT INTO seats (date_int,bus_id,no_seats,seat_type,status) VALUES (2,'AS02',15,'MAIN_SIDE_UPPER','UNOCCUPIED');
INSERT INTO seats (date_int,bus_id,no_seats,seat_type,status) VALUES (2,'AS02',16,'MAIN_SIDE_LOWER','UNOCCUPIED');
INSERT INTO seats (date_int,bus_id,no_seats,seat_type,status) VALUES (2,'AS02',17,'MAIN_WIN_UPPER','UNOCCUPIED');
INSERT INTO seats (date_int,bus_id,no_seats,seat_type,status) VALUES (2,'AS02',18,'MAIN_WIN_LOWER','UNOCCUPIED');
INSERT INTO seats (date_int,bus_id,no_seats,seat_type,status) VALUES (2,'AS02',19,'SIDE_UPPER','UNOCCUPIED');
INSERT INTO seats (date_int,bus_id,no_seats,seat_type,status) VALUES (2,'AS02',20,'SIDE_LOWER','UNOCCUPIED');
INSERT INTO seats (date_int,bus_id,no_seats,seat_type,status) VALUES (2,'AS02',21,'MAIN_SIDE_UPPER','UNOCCUPIED');
INSERT INTO seats (date_int,bus_id,no_seats,seat_type,status) VALUES (2,'AS02',22,'MAIN_SIDE_LOWER','UNOCCUPIED');
INSERT INTO seats (date_int,bus_id,no_seats,seat_type,status) VALUES (2,'AS02',23,'MAIN_WIN_UPPER','UNOCCUPIED');
INSERT INTO seats (date_int,bus_id,no_seats,seat_type,status) VALUES (2,'AS02',24,'MAIN_WIN_LOWER','UNOCCUPIED');
INSERT INTO seats (date_int,bus_id,no_seats,seat_type,status) VALUES (2,'AS02',25,'SIDE_UPPER','UNOCCUPIED');
INSERT INTO seats (date_int,bus_id,no_seats,seat_type,status) VALUES (2,'AS02',26,'SIDE_LOWER','UNOCCUPIED');
INSERT INTO seats (date_int,bus_id,no_seats,seat_type,status) VALUES (2,'AS02',27,'MAIN_SIDE_UPPER','UNOCCUPIED');
INSERT INTO seats (date_int,bus_id,no_seats,seat_type,status) VALUES (2,'AS02',28,'MAIN_SIDE_LOWER','UNOCCUPIED');
INSERT INTO seats (date_int,bus_id,no_seats,seat_type,status) VALUES (2,'AS02',29,'MAIN_WIN_UPPER','UNOCCUPIED');
INSERT INTO seats (date_int,bus_id,no_seats,seat_type,status) VALUES (2,'AS02',30,'MAIN_WIN_LOWER','UNOCCUPIED');
INSERT INTO seats (date_int,bus_id,no_seats,seat_type,status) VALUES (2,'AS02',31,'SIDE_UPPER','UNOCCUPIED');
INSERT INTO seats (date_int,bus_id,no_seats,seat_type,status) VALUES (2,'AS02',32,'SIDE_LOWER','UNOCCUPIED');
INSERT INTO seats (date_int,bus_id,no_seats,seat_type,status) VALUES (2,'AS02',33,'MAIN_SIDE_UPPER','UNOCCUPIED');
INSERT INTO seats (date_int,bus_id,no_seats,seat_type,status) VALUES (2,'AS02',34,'MAIN_SIDE_LOWER','UNOCCUPIED');
INSERT INTO seats (date_int,bus_id,no_seats,seat_type,status) VALUES (2,'AS02',35,'MAIN_WIN_UPPER','UNOCCUPIED');
INSERT INTO seats (date_int,bus_id,no_seats,seat_type,status) VALUES (2,'AS02',36,'MAIN_WIN_LOWER','UNOCCUPIED');
INSERT INTO seats (date_int,bus_id,no_seats,seat_type,status) VALUES (2,'AS03',1,'SIDE_UPPER','UNOCCUPIED');
INSERT INTO seats (date_int,bus_id,no_seats,seat_type,status) VALUES (2,'AS03',2,'SIDE_LOWER','UNOCCUPIED');
INSERT INTO seats (date_int,bus_id,no_seats,seat_type,status) VALUES (2,'AS03',3,'MAIN_SIDE_UPPER','UNOCCUPIED');
INSERT INTO seats (date_int,bus_id,no_seats,seat_type,status) VALUES (2,'AS03',4,'MAIN_SIDE_LOWER','UNOCCUPIED');
INSERT INTO seats (date_int,bus_id,no_seats,seat_type,status) VALUES (2,'AS03',5,'MAIN_WIN_UPPER','UNOCCUPIED');
INSERT INTO seats (date_int,bus_id,no_seats,seat_type,status) VALUES (2,'AS03',5,'MAIN_WIN_LOWER','UNOCCUPIED');
INSERT INTO seats (date_int,bus_id,no_seats,seat_type,status) VALUES (2,'AS03',7,'SIDE_UPPER','UNOCCUPIED');
INSERT INTO seats (date_int,bus_id,no_seats,seat_type,status) VALUES (2,'AS03',8,'SIDE_LOWER','UNOCCUPIED');
INSERT INTO seats (date_int,bus_id,no_seats,seat_type,status) VALUES (2,'AS03',9,'MAIN_SIDE_UPPER','UNOCCUPIED');
INSERT INTO seats (date_int,bus_id,no_seats,seat_type,status) VALUES (2,'AS03',10,'MAIN_SIDE_LOWER','UNOCCUPIED');
INSERT INTO seats (date_int,bus_id,no_seats,seat_type,status) VALUES (2,'AS03',11,'MAIN_WIN_UPPER','UNOCCUPIED');
INSERT INTO seats (date_int,bus_id,no_seats,seat_type,status) VALUES (2,'AS03',12,'MAIN_WIN_LOWER','UNOCCUPIED');
INSERT INTO seats (date_int,bus_id,no_seats,seat_type,status) VALUES (2,'AS03',13,'SIDE_UPPER','UNOCCUPIED');
INSERT INTO seats (date_int,bus_id,no_seats,seat_type,status) VALUES (2,'AS03',14,'SIDE_LOWER','UNOCCUPIED');
INSERT INTO seats (date_int,bus_id,no_seats,seat_type,status) VALUES (2,'AS03',15,'MAIN_SIDE_UPPER','UNOCCUPIED');
INSERT INTO seats (date_int,bus_id,no_seats,seat_type,status) VALUES (2,'AS03',16,'MAIN_SIDE_LOWER','UNOCCUPIED');
INSERT INTO seats (date_int,bus_id,no_seats,seat_type,status) VALUES (2,'AS03',17,'MAIN_WIN_UPPER','UNOCCUPIED');
INSERT INTO seats (date_int,bus_id,no_seats,seat_type,status) VALUES (2,'AS03',18,'MAIN_WIN_LOWER','UNOCCUPIED');
INSERT INTO seats (date_int,bus_id,no_seats,seat_type,status) VALUES (2,'AS03',19,'SIDE_UPPER','UNOCCUPIED');
INSERT INTO seats (date_int,bus_id,no_seats,seat_type,status) VALUES (2,'AS03',20,'SIDE_LOWER','UNOCCUPIED');
INSERT INTO seats (date_int,bus_id,no_seats,seat_type,status) VALUES (2,'AS03',21,'MAIN_SIDE_UPPER','UNOCCUPIED');
INSERT INTO seats (date_int,bus_id,no_seats,seat_type,status) VALUES (2,'AS03',22,'MAIN_SIDE_LOWER','UNOCCUPIED');
INSERT INTO seats (date_int,bus_id,no_seats,seat_type,status) VALUES (2,'AS03',23,'MAIN_WIN_UPPER','UNOCCUPIED');
INSERT INTO seats (date_int,bus_id,no_seats,seat_type,status) VALUES (2,'AS03',24,'MAIN_WIN_LOWER','UNOCCUPIED');
INSERT INTO seats (date_int,bus_id,no_seats,seat_type,status) VALUES (2,'AS03',25,'SIDE_UPPER','UNOCCUPIED');
INSERT INTO seats (date_int,bus_id,no_seats,seat_type,status) VALUES (2,'AS03',26,'SIDE_LOWER','UNOCCUPIED');
INSERT INTO seats (date_int,bus_id,no_seats,seat_type,status) VALUES (2,'AS03',27,'MAIN_SIDE_UPPER','UNOCCUPIED');
INSERT INTO seats (date_int,bus_id,no_seats,seat_type,status) VALUES (2,'AS03',28,'MAIN_SIDE_LOWER','UNOCCUPIED');
INSERT INTO seats (date_int,bus_id,no_seats,seat_type,status) VALUES (2,'AS03',29,'MAIN_WIN_UPPER','UNOCCUPIED');
INSERT INTO seats (date_int,bus_id,no_seats,seat_type,status) VALUES (2,'AS03',30,'MAIN_WIN_LOWER','UNOCCUPIED');
INSERT INTO seats (date_int,bus_id,no_seats,seat_type,status) VALUES (2,'AS03',31,'SIDE_UPPER','UNOCCUPIED');
INSERT INTO seats (date_int,bus_id,no_seats,seat_type,status) VALUES (2,'AS03',32,'SIDE_LOWER','UNOCCUPIED');
INSERT INTO seats (date_int,bus_id,no_seats,seat_type,status) VALUES (2,'AS03',33,'MAIN_SIDE_UPPER','UNOCCUPIED');
INSERT INTO seats (date_int,bus_id,no_seats,seat_type,status) VALUES (2,'AS03',34,'MAIN_SIDE_LOWER','UNOCCUPIED');
INSERT INTO seats (date_int,bus_id,no_seats,seat_type,status) VALUES (2,'AS03',35,'MAIN_WIN_UPPER','UNOCCUPIED');
INSERT INTO seats (date_int,bus_id,no_seats,seat_type,status) VALUES (2,'AS03',36,'MAIN_WIN_LOWER','UNOCCUPIED');
INSERT INTO seats (date_int,bus_id,no_seats,seat_type,status) VALUES (2,'AS04',1,'SIDE_UPPER','UNOCCUPIED');
INSERT INTO seats (date_int,bus_id,no_seats,seat_type,status) VALUES (2,'AS04',2,'SIDE_LOWER','UNOCCUPIED');
INSERT INTO seats (date_int,bus_id,no_seats,seat_type,status) VALUES (2,'AS04',3,'MAIN_SIDE_UPPER','UNOCCUPIED');
INSERT INTO seats (date_int,bus_id,no_seats,seat_type,status) VALUES (2,'AS04',4,'MAIN_SIDE_LOWER','UNOCCUPIED');
INSERT INTO seats (date_int,bus_id,no_seats,seat_type,status) VALUES (2,'AS04',5,'MAIN_WIN_UPPER','UNOCCUPIED');
INSERT INTO seats (date_int,bus_id,no_seats,seat_type,status) VALUES (2,'AS04',5,'MAIN_WIN_LOWER','UNOCCUPIED');
INSERT INTO seats (date_int,bus_id,no_seats,seat_type,status) VALUES (2,'AS04',7,'SIDE_UPPER','UNOCCUPIED');
INSERT INTO seats (date_int,bus_id,no_seats,seat_type,status) VALUES (2,'AS04',8,'SIDE_LOWER','UNOCCUPIED');
INSERT INTO seats (date_int,bus_id,no_seats,seat_type,status) VALUES (2,'AS04',9,'MAIN_SIDE_UPPER','UNOCCUPIED');
INSERT INTO seats (date_int,bus_id,no_seats,seat_type,status) VALUES (2,'AS04',10,'MAIN_SIDE_LOWER','UNOCCUPIED');
INSERT INTO seats (date_int,bus_id,no_seats,seat_type,status) VALUES (2,'AS04',11,'MAIN_WIN_UPPER','UNOCCUPIED');
INSERT INTO seats (date_int,bus_id,no_seats,seat_type,status) VALUES (2,'AS04',12,'MAIN_WIN_LOWER','UNOCCUPIED');
INSERT INTO seats (date_int,bus_id,no_seats,seat_type,status) VALUES (2,'AS04',13,'SIDE_UPPER','UNOCCUPIED');
INSERT INTO seats (date_int,bus_id,no_seats,seat_type,status) VALUES (2,'AS04',14,'SIDE_LOWER','UNOCCUPIED');
INSERT INTO seats (date_int,bus_id,no_seats,seat_type,status) VALUES (2,'AS04',15,'MAIN_SIDE_UPPER','UNOCCUPIED');
INSERT INTO seats (date_int,bus_id,no_seats,seat_type,status) VALUES (2,'AS04',16,'MAIN_SIDE_LOWER','UNOCCUPIED');
INSERT INTO seats (date_int,bus_id,no_seats,seat_type,status) VALUES (2,'AS04',17,'MAIN_WIN_UPPER','UNOCCUPIED');
INSERT INTO seats (date_int,bus_id,no_seats,seat_type,status) VALUES (2,'AS04',18,'MAIN_WIN_LOWER','UNOCCUPIED');
INSERT INTO seats (date_int,bus_id,no_seats,seat_type,status) VALUES (2,'AS04',19,'SIDE_UPPER','UNOCCUPIED');
INSERT INTO seats (date_int,bus_id,no_seats,seat_type,status) VALUES (2,'AS04',20,'SIDE_LOWER','UNOCCUPIED');
INSERT INTO seats (date_int,bus_id,no_seats,seat_type,status) VALUES (2,'AS04',21,'MAIN_SIDE_UPPER','UNOCCUPIED');
INSERT INTO seats (date_int,bus_id,no_seats,seat_type,status) VALUES (2,'AS04',22,'MAIN_SIDE_LOWER','UNOCCUPIED');
INSERT INTO seats (date_int,bus_id,no_seats,seat_type,status) VALUES (2,'AS04',23,'MAIN_WIN_UPPER','UNOCCUPIED');
INSERT INTO seats (date_int,bus_id,no_seats,seat_type,status) VALUES (2,'AS04',24,'MAIN_WIN_LOWER','UNOCCUPIED');
INSERT INTO seats (date_int,bus_id,no_seats,seat_type,status) VALUES (2,'AS04',25,'SIDE_UPPER','UNOCCUPIED');
INSERT INTO seats (date_int,bus_id,no_seats,seat_type,status) VALUES (2,'AS04',26,'SIDE_LOWER','UNOCCUPIED');
INSERT INTO seats (date_int,bus_id,no_seats,seat_type,status) VALUES (2,'AS04',27,'MAIN_SIDE_UPPER','UNOCCUPIED');
INSERT INTO seats (date_int,bus_id,no_seats,seat_type,status) VALUES (2,'AS04',28,'MAIN_SIDE_LOWER','UNOCCUPIED');
INSERT INTO seats (date_int,bus_id,no_seats,seat_type,status) VALUES (2,'AS04',29,'MAIN_WIN_UPPER','UNOCCUPIED');
INSERT INTO seats (date_int,bus_id,no_seats,seat_type,status) VALUES (2,'AS04',30,'MAIN_WIN_LOWER','UNOCCUPIED');
INSERT INTO seats (date_int,bus_id,no_seats,seat_type,status) VALUES (2,'AS04',31,'SIDE_UPPER','UNOCCUPIED');
INSERT INTO seats (date_int,bus_id,no_seats,seat_type,status) VALUES (2,'AS04',32,'SIDE_LOWER','UNOCCUPIED');
INSERT INTO seats (date_int,bus_id,no_seats,seat_type,status) VALUES (2,'AS04',33,'MAIN_SIDE_UPPER','UNOCCUPIED');
INSERT INTO seats (date_int,bus_id,no_seats,seat_type,status) VALUES (2,'AS04',34,'MAIN_SIDE_LOWER','UNOCCUPIED');
INSERT INTO seats (date_int,bus_id,no_seats,seat_type,status) VALUES (2,'AS04',35,'MAIN_WIN_UPPER','UNOCCUPIED');
INSERT INTO seats (date_int,bus_id,no_seats,seat_type,status) VALUES (2,'AS04',36,'MAIN_WIN_LOWER','UNOCCUPIED');
INSERT INTO seats (date_int,bus_id,no_seats,seat_type,status) VALUES (2,'AS05',1,'LEFT_WIN','UNOCCUPIED');
INSERT INTO seats (date_int,bus_id,no_seats,seat_type,status) VALUES (2,'AS05',2,'LEFT_SIDE','UNOCCUPIED');
INSERT INTO seats (date_int,bus_id,no_seats,seat_type,status) VALUES (2,'AS05',3,'RIGHT_WIN','UNOCCUPIED');
INSERT INTO seats (date_int,bus_id,no_seats,seat_type,status) VALUES (2,'AS05',4,'RIGHT_WIN_SEC','UNOCCUPIED');
INSERT INTO seats (date_int,bus_id,no_seats,seat_type,status) VALUES (2,'AS05',5,'RIGHT_WIN_THRD','UNOCCUPIED');
INSERT INTO seats (date_int,bus_id,no_seats,seat_type,status) VALUES (2,'AS05',6,'LEFT_WIN','UNOCCUPIED');
INSERT INTO seats (date_int,bus_id,no_seats,seat_type,status) VALUES (2,'AS05',7,'LEFT_SIDE','UNOCCUPIED');
INSERT INTO seats (date_int,bus_id,no_seats,seat_type,status) VALUES (2,'AS05',8,'RIGHT_WIN','UNOCCUPIED');
INSERT INTO seats (date_int,bus_id,no_seats,seat_type,status) VALUES (2,'AS05',9,'RIGHT_WIN_SEC','UNOCCUPIED');
INSERT INTO seats (date_int,bus_id,no_seats,seat_type,status) VALUES (2,'AS05',10,'RIGHT_WIN_THRD','UNOCCUPIED');
INSERT INTO seats (date_int,bus_id,no_seats,seat_type,status) VALUES (2,'AS05',11,'LEFT_WIN','UNOCCUPIED');
INSERT INTO seats (date_int,bus_id,no_seats,seat_type,status) VALUES (2,'AS05',12,'LEFT_SIDE','UNOCCUPIED');
INSERT INTO seats (date_int,bus_id,no_seats,seat_type,status) VALUES (2,'AS05',13,'RIGHT_WIN','UNOCCUPIED');
INSERT INTO seats (date_int,bus_id,no_seats,seat_type,status) VALUES (2,'AS05',14,'RIGHT_WIN_SEC','UNOCCUPIED');
INSERT INTO seats (date_int,bus_id,no_seats,seat_type,status) VALUES (2,'AS05',15,'RIGHT_WIN_THRD','UNOCCUPIED');
INSERT INTO seats (date_int,bus_id,no_seats,seat_type,status) VALUES (2,'AS05',16,'LEFT_WIN','UNOCCUPIED');
INSERT INTO seats (date_int,bus_id,no_seats,seat_type,status) VALUES (2,'AS05',17,'LEFT_SIDE','UNOCCUPIED');
INSERT INTO seats (date_int,bus_id,no_seats,seat_type,status) VALUES (2,'AS05',18,'RIGHT_WIN','UNOCCUPIED');
INSERT INTO seats (date_int,bus_id,no_seats,seat_type,status) VALUES (2,'AS05',19,'RIGHT_WIN_SEC','UNOCCUPIED');
INSERT INTO seats (date_int,bus_id,no_seats,seat_type,status) VALUES (2,'AS05',20,'RIGHT_WIN_THRD','UNOCCUPIED');
INSERT INTO seats (date_int,bus_id,no_seats,seat_type,status) VALUES (2,'AS05',21,'LEFT_WIN','UNOCCUPIED');
INSERT INTO seats (date_int,bus_id,no_seats,seat_type,status) VALUES (2,'AS05',22,'LEFT_SIDE','UNOCCUPIED');
INSERT INTO seats (date_int,bus_id,no_seats,seat_type,status) VALUES (2,'AS05',23,'RIGHT_WIN','UNOCCUPIED');
INSERT INTO seats (date_int,bus_id,no_seats,seat_type,status) VALUES (2,'AS05',24,'RIGHT_WIN_SEC','UNOCCUPIED');
INSERT INTO seats (date_int,bus_id,no_seats,seat_type,status) VALUES (2,'AS05',25,'RIGHT_WIN_THRD','UNOCCUPIED');
INSERT INTO seats (date_int,bus_id,no_seats,seat_type,status) VALUES (2,'AS05',26,'LEFT_WIN','UNOCCUPIED');
INSERT INTO seats (date_int,bus_id,no_seats,seat_type,status) VALUES (2,'AS05',27,'LEFT_SIDE','UNOCCUPIED');
INSERT INTO seats (date_int,bus_id,no_seats,seat_type,status) VALUES (2,'AS05',28,'RIGHT_WIN','UNOCCUPIED');
INSERT INTO seats (date_int,bus_id,no_seats,seat_type,status) VALUES (2,'AS05',29,'RIGHT_WIN_SEC','UNOCCUPIED');
INSERT INTO seats (date_int,bus_id,no_seats,seat_type,status) VALUES (2,'AS05',30,'RIGHT_WIN_THRD','UNOCCUPIED');
INSERT INTO seats (date_int,bus_id,no_seats,seat_type,status) VALUES (2,'AS05',31,'LEFT_WIN','UNOCCUPIED');
INSERT INTO seats (date_int,bus_id,no_seats,seat_type,status) VALUES (2,'AS05',31,'LEFT_SIDE','UNOCCUPIED');
INSERT INTO seats (date_int,bus_id,no_seats,seat_type,status) VALUES (2,'AS05',33,'RIGHT_WIN','UNOCCUPIED');
INSERT INTO seats (date_int,bus_id,no_seats,seat_type,status) VALUES (2,'AS05',34,'RIGHT_WIN_SEC','UNOCCUPIED');
INSERT INTO seats (date_int,bus_id,no_seats,seat_type,status) VALUES (2,'AS05',35,'RIGHT_WIN_THRD','UNOCCUPIED');
INSERT INTO seats (date_int,bus_id,no_seats,seat_type,status) VALUES (2,'AS05',36,'LEFT_WIN','UNOCCUPIED');
INSERT INTO seats (date_int,bus_id,no_seats,seat_type,status) VALUES (2,'AS05',37,'LEFT_SIDE','UNOCCUPIED');
INSERT INTO seats (date_int,bus_id,no_seats,seat_type,status) VALUES (2,'AS05',38,'RIGHT_WIN','UNOCCUPIED');
INSERT INTO seats (date_int,bus_id,no_seats,seat_type,status) VALUES (2,'AS05',39,'RIGHT_WIN_SEC','UNOCCUPIED');
INSERT INTO seats (date_int,bus_id,no_seats,seat_type,status) VALUES (2,'AS05',40,'RIGHT_WIN_THRD','UNOCCUPIED');
INSERT INTO seats (date_int,bus_id,no_seats,seat_type,status) VALUES (2,'AS06',1,'SIDE_UPPER','UNOCCUPIED');
INSERT INTO seats (date_int,bus_id,no_seats,seat_type,status) VALUES (2,'AS06',2,'SIDE_LOWER','UNOCCUPIED');
INSERT INTO seats (date_int,bus_id,no_seats,seat_type,status) VALUES (2,'AS06',3,'MAIN_SIDE_UPPER','UNOCCUPIED');
INSERT INTO seats (date_int,bus_id,no_seats,seat_type,status) VALUES (2,'AS06',4,'MAIN_SIDE_LOWER','UNOCCUPIED');
INSERT INTO seats (date_int,bus_id,no_seats,seat_type,status) VALUES (2,'AS06',5,'MAIN_WIN_UPPER','UNOCCUPIED');
INSERT INTO seats (date_int,bus_id,no_seats,seat_type,status) VALUES (2,'AS06',5,'MAIN_WIN_LOWER','UNOCCUPIED');
INSERT INTO seats (date_int,bus_id,no_seats,seat_type,status) VALUES (2,'AS06',7,'SIDE_UPPER','UNOCCUPIED');
INSERT INTO seats (date_int,bus_id,no_seats,seat_type,status) VALUES (2,'AS06',8,'SIDE_LOWER','UNOCCUPIED');
INSERT INTO seats (date_int,bus_id,no_seats,seat_type,status) VALUES (2,'AS06',9,'MAIN_SIDE_UPPER','UNOCCUPIED');
INSERT INTO seats (date_int,bus_id,no_seats,seat_type,status) VALUES (2,'AS06',10,'MAIN_SIDE_LOWER','UNOCCUPIED');
INSERT INTO seats (date_int,bus_id,no_seats,seat_type,status) VALUES (2,'AS06',11,'MAIN_WIN_UPPER','UNOCCUPIED');
INSERT INTO seats (date_int,bus_id,no_seats,seat_type,status) VALUES (2,'AS06',12,'MAIN_WIN_LOWER','UNOCCUPIED');
INSERT INTO seats (date_int,bus_id,no_seats,seat_type,status) VALUES (2,'AS06',13,'SIDE_UPPER','UNOCCUPIED');
INSERT INTO seats (date_int,bus_id,no_seats,seat_type,status) VALUES (2,'AS06',14,'SIDE_LOWER','UNOCCUPIED');
INSERT INTO seats (date_int,bus_id,no_seats,seat_type,status) VALUES (2,'AS06',15,'MAIN_SIDE_UPPER','UNOCCUPIED');
INSERT INTO seats (date_int,bus_id,no_seats,seat_type,status) VALUES (2,'AS06',16,'MAIN_SIDE_LOWER','UNOCCUPIED');
INSERT INTO seats (date_int,bus_id,no_seats,seat_type,status) VALUES (2,'AS06',17,'MAIN_WIN_UPPER','UNOCCUPIED');
INSERT INTO seats (date_int,bus_id,no_seats,seat_type,status) VALUES (2,'AS06',18,'MAIN_WIN_LOWER','UNOCCUPIED');
INSERT INTO seats (date_int,bus_id,no_seats,seat_type,status) VALUES (2,'AS06',19,'SIDE_UPPER','UNOCCUPIED');
INSERT INTO seats (date_int,bus_id,no_seats,seat_type,status) VALUES (2,'AS06',20,'SIDE_LOWER','UNOCCUPIED');
INSERT INTO seats (date_int,bus_id,no_seats,seat_type,status) VALUES (2,'AS06',21,'MAIN_SIDE_UPPER','UNOCCUPIED');
INSERT INTO seats (date_int,bus_id,no_seats,seat_type,status) VALUES (2,'AS06',22,'MAIN_SIDE_LOWER','UNOCCUPIED');
INSERT INTO seats (date_int,bus_id,no_seats,seat_type,status) VALUES (2,'AS06',23,'MAIN_WIN_UPPER','UNOCCUPIED');
INSERT INTO seats (date_int,bus_id,no_seats,seat_type,status) VALUES (2,'AS06',24,'MAIN_WIN_LOWER','UNOCCUPIED');
INSERT INTO seats (date_int,bus_id,no_seats,seat_type,status) VALUES (2,'AS06',25,'SIDE_UPPER','UNOCCUPIED');
INSERT INTO seats (date_int,bus_id,no_seats,seat_type,status) VALUES (2,'AS06',26,'SIDE_LOWER','UNOCCUPIED');
INSERT INTO seats (date_int,bus_id,no_seats,seat_type,status) VALUES (2,'AS06',27,'MAIN_SIDE_UPPER','UNOCCUPIED');
INSERT INTO seats (date_int,bus_id,no_seats,seat_type,status) VALUES (2,'AS06',28,'MAIN_SIDE_LOWER','UNOCCUPIED');
INSERT INTO seats (date_int,bus_id,no_seats,seat_type,status) VALUES (2,'AS06',29,'MAIN_WIN_UPPER','UNOCCUPIED');
INSERT INTO seats (date_int,bus_id,no_seats,seat_type,status) VALUES (2,'AS06',30,'MAIN_WIN_LOWER','UNOCCUPIED');
INSERT INTO seats (date_int,bus_id,no_seats,seat_type,status) VALUES (2,'AS06',31,'SIDE_UPPER','UNOCCUPIED');
INSERT INTO seats (date_int,bus_id,no_seats,seat_type,status) VALUES (2,'AS06',32,'SIDE_LOWER','UNOCCUPIED');
INSERT INTO seats (date_int,bus_id,no_seats,seat_type,status) VALUES (2,'AS06',33,'MAIN_SIDE_UPPER','UNOCCUPIED');
INSERT INTO seats (date_int,bus_id,no_seats,seat_type,status) VALUES (2,'AS06',34,'MAIN_SIDE_LOWER','UNOCCUPIED');
INSERT INTO seats (date_int,bus_id,no_seats,seat_type,status) VALUES (2,'AS06',35,'MAIN_WIN_UPPER','UNOCCUPIED');
INSERT INTO seats (date_int,bus_id,no_seats,seat_type,status) VALUES (2,'AS06',36,'MAIN_WIN_LOWER','UNOCCUPIED');
INSERT INTO seats (date_int,bus_id,no_seats,seat_type,status) VALUES (2,'AS07',1,'SIDE_UPPER','UNOCCUPIED');
INSERT INTO seats (date_int,bus_id,no_seats,seat_type,status) VALUES (2,'AS07',2,'SIDE_LOWER','UNOCCUPIED');
INSERT INTO seats (date_int,bus_id,no_seats,seat_type,status) VALUES (2,'AS07',3,'MAIN_SIDE_UPPER','UNOCCUPIED');
INSERT INTO seats (date_int,bus_id,no_seats,seat_type,status) VALUES (2,'AS07',4,'MAIN_SIDE_LOWER','UNOCCUPIED');
INSERT INTO seats (date_int,bus_id,no_seats,seat_type,status) VALUES (2,'AS07',5,'MAIN_WIN_UPPER','UNOCCUPIED');
INSERT INTO seats (date_int,bus_id,no_seats,seat_type,status) VALUES (2,'AS07',5,'MAIN_WIN_LOWER','UNOCCUPIED');
INSERT INTO seats (date_int,bus_id,no_seats,seat_type,status) VALUES (2,'AS07',7,'SIDE_UPPER','UNOCCUPIED');
INSERT INTO seats (date_int,bus_id,no_seats,seat_type,status) VALUES (2,'AS07',8,'SIDE_LOWER','UNOCCUPIED');
INSERT INTO seats (date_int,bus_id,no_seats,seat_type,status) VALUES (2,'AS07',9,'MAIN_SIDE_UPPER','UNOCCUPIED');
INSERT INTO seats (date_int,bus_id,no_seats,seat_type,status) VALUES (2,'AS07',10,'MAIN_SIDE_LOWER','UNOCCUPIED');
INSERT INTO seats (date_int,bus_id,no_seats,seat_type,status) VALUES (2,'AS07',11,'MAIN_WIN_UPPER','UNOCCUPIED');
INSERT INTO seats (date_int,bus_id,no_seats,seat_type,status) VALUES (2,'AS07',12,'MAIN_WIN_LOWER','UNOCCUPIED');
INSERT INTO seats (date_int,bus_id,no_seats,seat_type,status) VALUES (2,'AS07',13,'SIDE_UPPER','UNOCCUPIED');
INSERT INTO seats (date_int,bus_id,no_seats,seat_type,status) VALUES (2,'AS07',14,'SIDE_LOWER','UNOCCUPIED');
INSERT INTO seats (date_int,bus_id,no_seats,seat_type,status) VALUES (2,'AS07',15,'MAIN_SIDE_UPPER','UNOCCUPIED');
INSERT INTO seats (date_int,bus_id,no_seats,seat_type,status) VALUES (2,'AS07',16,'MAIN_SIDE_LOWER','UNOCCUPIED');
INSERT INTO seats (date_int,bus_id,no_seats,seat_type,status) VALUES (2,'AS07',17,'MAIN_WIN_UPPER','UNOCCUPIED');
INSERT INTO seats (date_int,bus_id,no_seats,seat_type,status) VALUES (2,'AS07',18,'MAIN_WIN_LOWER','UNOCCUPIED');
INSERT INTO seats (date_int,bus_id,no_seats,seat_type,status) VALUES (2,'AS07',19,'SIDE_UPPER','UNOCCUPIED');
INSERT INTO seats (date_int,bus_id,no_seats,seat_type,status) VALUES (2,'AS07',20,'SIDE_LOWER','UNOCCUPIED');
INSERT INTO seats (date_int,bus_id,no_seats,seat_type,status) VALUES (2,'AS07',21,'MAIN_SIDE_UPPER','UNOCCUPIED');
INSERT INTO seats (date_int,bus_id,no_seats,seat_type,status) VALUES (2,'AS07',22,'MAIN_SIDE_LOWER','UNOCCUPIED');
INSERT INTO seats (date_int,bus_id,no_seats,seat_type,status) VALUES (2,'AS07',23,'MAIN_WIN_UPPER','UNOCCUPIED');
INSERT INTO seats (date_int,bus_id,no_seats,seat_type,status) VALUES (2,'AS07',24,'MAIN_WIN_LOWER','UNOCCUPIED');
INSERT INTO seats (date_int,bus_id,no_seats,seat_type,status) VALUES (2,'AS07',25,'SIDE_UPPER','UNOCCUPIED');
INSERT INTO seats (date_int,bus_id,no_seats,seat_type,status) VALUES (2,'AS07',26,'SIDE_LOWER','UNOCCUPIED');
INSERT INTO seats (date_int,bus_id,no_seats,seat_type,status) VALUES (2,'AS07',27,'MAIN_SIDE_UPPER','UNOCCUPIED');
INSERT INTO seats (date_int,bus_id,no_seats,seat_type,status) VALUES (2,'AS07',28,'MAIN_SIDE_LOWER','UNOCCUPIED');
INSERT INTO seats (date_int,bus_id,no_seats,seat_type,status) VALUES (2,'AS07',29,'MAIN_WIN_UPPER','UNOCCUPIED');
INSERT INTO seats (date_int,bus_id,no_seats,seat_type,status) VALUES (2,'AS07',30,'MAIN_WIN_LOWER','UNOCCUPIED');
INSERT INTO seats (date_int,bus_id,no_seats,seat_type,status) VALUES (2,'AS07',31,'SIDE_UPPER','UNOCCUPIED');
INSERT INTO seats (date_int,bus_id,no_seats,seat_type,status) VALUES (2,'AS07',32,'SIDE_LOWER','UNOCCUPIED');
INSERT INTO seats (date_int,bus_id,no_seats,seat_type,status) VALUES (2,'AS07',33,'MAIN_SIDE_UPPER','UNOCCUPIED');
INSERT INTO seats (date_int,bus_id,no_seats,seat_type,status) VALUES (2,'AS07',34,'MAIN_SIDE_LOWER','UNOCCUPIED');
INSERT INTO seats (date_int,bus_id,no_seats,seat_type,status) VALUES (2,'AS07',35,'MAIN_WIN_UPPER','UNOCCUPIED');
INSERT INTO seats (date_int,bus_id,no_seats,seat_type,status) VALUES (2,'AS07',36,'MAIN_WIN_LOWER','UNOCCUPIED');
INSERT INTO seats (date_int,bus_id,no_seats,seat_type,status) VALUES (2,'AS07',1,'SIDE_UPPER','UNOCCUPIED');
INSERT INTO seats (date_int,bus_id,no_seats,seat_type,status) VALUES (2,'AS07',2,'SIDE_LOWER','UNOCCUPIED');
INSERT INTO seats (date_int,bus_id,no_seats,seat_type,status) VALUES (2,'AS07',3,'MAIN_SIDE_UPPER','UNOCCUPIED');
INSERT INTO seats (date_int,bus_id,no_seats,seat_type,status) VALUES (2,'AS07',4,'MAIN_SIDE_LOWER','UNOCCUPIED');
INSERT INTO seats (date_int,bus_id,no_seats,seat_type,status) VALUES (2,'AS07',5,'MAIN_WIN_UPPER','UNOCCUPIED');
INSERT INTO seats (date_int,bus_id,no_seats,seat_type,status) VALUES (2,'AS07',5,'MAIN_WIN_LOWER','UNOCCUPIED');
INSERT INTO seats (date_int,bus_id,no_seats,seat_type,status) VALUES (2,'AS07',7,'SIDE_UPPER','UNOCCUPIED');
INSERT INTO seats (date_int,bus_id,no_seats,seat_type,status) VALUES (2,'AS07',8,'SIDE_LOWER','UNOCCUPIED');
INSERT INTO seats (date_int,bus_id,no_seats,seat_type,status) VALUES (2,'AS07',9,'MAIN_SIDE_UPPER','UNOCCUPIED');
INSERT INTO seats (date_int,bus_id,no_seats,seat_type,status) VALUES (2,'AS07',10,'MAIN_SIDE_LOWER','UNOCCUPIED');
INSERT INTO seats (date_int,bus_id,no_seats,seat_type,status) VALUES (2,'AS07',11,'MAIN_WIN_UPPER','UNOCCUPIED');
INSERT INTO seats (date_int,bus_id,no_seats,seat_type,status) VALUES (2,'AS07',12,'MAIN_WIN_LOWER','UNOCCUPIED');
INSERT INTO seats (date_int,bus_id,no_seats,seat_type,status) VALUES (2,'AS07',13,'SIDE_UPPER','UNOCCUPIED');
INSERT INTO seats (date_int,bus_id,no_seats,seat_type,status) VALUES (2,'AS07',14,'SIDE_LOWER','UNOCCUPIED');
INSERT INTO seats (date_int,bus_id,no_seats,seat_type,status) VALUES (2,'AS07',15,'MAIN_SIDE_UPPER','UNOCCUPIED');
INSERT INTO seats (date_int,bus_id,no_seats,seat_type,status) VALUES (2,'AS07',16,'MAIN_SIDE_LOWER','UNOCCUPIED');
INSERT INTO seats (date_int,bus_id,no_seats,seat_type,status) VALUES (2,'AS07',17,'MAIN_WIN_UPPER','UNOCCUPIED');
INSERT INTO seats (date_int,bus_id,no_seats,seat_type,status) VALUES (2,'AS07',18,'MAIN_WIN_LOWER','UNOCCUPIED');
INSERT INTO seats (date_int,bus_id,no_seats,seat_type,status) VALUES (2,'AS07',19,'SIDE_UPPER','UNOCCUPIED');
INSERT INTO seats (date_int,bus_id,no_seats,seat_type,status) VALUES (2,'AS07',20,'SIDE_LOWER','UNOCCUPIED');
INSERT INTO seats (date_int,bus_id,no_seats,seat_type,status) VALUES (2,'AS07',21,'MAIN_SIDE_UPPER','UNOCCUPIED');
INSERT INTO seats (date_int,bus_id,no_seats,seat_type,status) VALUES (2,'AS07',22,'MAIN_SIDE_LOWER','UNOCCUPIED');
INSERT INTO seats (date_int,bus_id,no_seats,seat_type,status) VALUES (2,'AS07',23,'MAIN_WIN_UPPER','UNOCCUPIED');
INSERT INTO seats (date_int,bus_id,no_seats,seat_type,status) VALUES (2,'AS07',24,'MAIN_WIN_LOWER','UNOCCUPIED');
INSERT INTO seats (date_int,bus_id,no_seats,seat_type,status) VALUES (2,'AS07',25,'SIDE_UPPER','UNOCCUPIED');
INSERT INTO seats (date_int,bus_id,no_seats,seat_type,status) VALUES (2,'AS07',26,'SIDE_LOWER','UNOCCUPIED');
INSERT INTO seats (date_int,bus_id,no_seats,seat_type,status) VALUES (2,'AS07',27,'MAIN_SIDE_UPPER','UNOCCUPIED');
INSERT INTO seats (date_int,bus_id,no_seats,seat_type,status) VALUES (2,'AS07',28,'MAIN_SIDE_LOWER','UNOCCUPIED');
INSERT INTO seats (date_int,bus_id,no_seats,seat_type,status) VALUES (2,'AS07',29,'MAIN_WIN_UPPER','UNOCCUPIED');
INSERT INTO seats (date_int,bus_id,no_seats,seat_type,status) VALUES (2,'AS07',30,'MAIN_WIN_LOWER','UNOCCUPIED');
INSERT INTO seats (date_int,bus_id,no_seats,seat_type,status) VALUES (2,'AS07',31,'SIDE_UPPER','UNOCCUPIED');
INSERT INTO seats (date_int,bus_id,no_seats,seat_type,status) VALUES (2,'AS07',32,'SIDE_LOWER','UNOCCUPIED');
INSERT INTO seats (date_int,bus_id,no_seats,seat_type,status) VALUES (2,'AS07',33,'MAIN_SIDE_UPPER','UNOCCUPIED');
INSERT INTO seats (date_int,bus_id,no_seats,seat_type,status) VALUES (2,'AS07',34,'MAIN_SIDE_LOWER','UNOCCUPIED');
INSERT INTO seats (date_int,bus_id,no_seats,seat_type,status) VALUES (2,'AS07',35,'MAIN_WIN_UPPER','UNOCCUPIED');
INSERT INTO seats (date_int,bus_id,no_seats,seat_type,status) VALUES (2,'AS07',36,'MAIN_WIN_LOWER','UNOCCUPIED');
INSERT INTO seats (date_int,bus_id,no_seats,seat_type,status) VALUES (2,'AS08',1,'SIDE_UPPER','UNOCCUPIED');
INSERT INTO seats (date_int,bus_id,no_seats,seat_type,status) VALUES (2,'AS08',2,'SIDE_LOWER','UNOCCUPIED');
INSERT INTO seats (date_int,bus_id,no_seats,seat_type,status) VALUES (2,'AS08',3,'MAIN_SIDE_UPPER','UNOCCUPIED');
INSERT INTO seats (date_int,bus_id,no_seats,seat_type,status) VALUES (2,'AS08',4,'MAIN_SIDE_LOWER','UNOCCUPIED');
INSERT INTO seats (date_int,bus_id,no_seats,seat_type,status) VALUES (2,'AS08',5,'MAIN_WIN_UPPER','UNOCCUPIED');
INSERT INTO seats (date_int,bus_id,no_seats,seat_type,status) VALUES (2,'AS08',5,'MAIN_WIN_LOWER','UNOCCUPIED');
INSERT INTO seats (date_int,bus_id,no_seats,seat_type,status) VALUES (2,'AS08',7,'SIDE_UPPER','UNOCCUPIED');
INSERT INTO seats (date_int,bus_id,no_seats,seat_type,status) VALUES (2,'AS08',8,'SIDE_LOWER','UNOCCUPIED');
INSERT INTO seats (date_int,bus_id,no_seats,seat_type,status) VALUES (2,'AS08',9,'MAIN_SIDE_UPPER','UNOCCUPIED');
INSERT INTO seats (date_int,bus_id,no_seats,seat_type,status) VALUES (2,'AS08',10,'MAIN_SIDE_LOWER','UNOCCUPIED');
INSERT INTO seats (date_int,bus_id,no_seats,seat_type,status) VALUES (2,'AS08',11,'MAIN_WIN_UPPER','UNOCCUPIED');
INSERT INTO seats (date_int,bus_id,no_seats,seat_type,status) VALUES (2,'AS08',12,'MAIN_WIN_LOWER','UNOCCUPIED');
INSERT INTO seats (date_int,bus_id,no_seats,seat_type,status) VALUES (2,'AS08',13,'SIDE_UPPER','UNOCCUPIED');
INSERT INTO seats (date_int,bus_id,no_seats,seat_type,status) VALUES (2,'AS08',14,'SIDE_LOWER','UNOCCUPIED');
INSERT INTO seats (date_int,bus_id,no_seats,seat_type,status) VALUES (2,'AS08',15,'MAIN_SIDE_UPPER','UNOCCUPIED');
INSERT INTO seats (date_int,bus_id,no_seats,seat_type,status) VALUES (2,'AS08',16,'MAIN_SIDE_LOWER','UNOCCUPIED');
INSERT INTO seats (date_int,bus_id,no_seats,seat_type,status) VALUES (2,'AS08',17,'MAIN_WIN_UPPER','UNOCCUPIED');
INSERT INTO seats (date_int,bus_id,no_seats,seat_type,status) VALUES (2,'AS08',18,'MAIN_WIN_LOWER','UNOCCUPIED');
INSERT INTO seats (date_int,bus_id,no_seats,seat_type,status) VALUES (2,'AS08',19,'SIDE_UPPER','UNOCCUPIED');
INSERT INTO seats (date_int,bus_id,no_seats,seat_type,status) VALUES (2,'AS08',20,'SIDE_LOWER','UNOCCUPIED');
INSERT INTO seats (date_int,bus_id,no_seats,seat_type,status) VALUES (2,'AS08',21,'MAIN_SIDE_UPPER','UNOCCUPIED');
INSERT INTO seats (date_int,bus_id,no_seats,seat_type,status) VALUES (2,'AS08',22,'MAIN_SIDE_LOWER','UNOCCUPIED');
INSERT INTO seats (date_int,bus_id,no_seats,seat_type,status) VALUES (2,'AS08',23,'MAIN_WIN_UPPER','UNOCCUPIED');
INSERT INTO seats (date_int,bus_id,no_seats,seat_type,status) VALUES (2,'AS08',24,'MAIN_WIN_LOWER','UNOCCUPIED');
INSERT INTO seats (date_int,bus_id,no_seats,seat_type,status) VALUES (2,'AS08',25,'SIDE_UPPER','UNOCCUPIED');
INSERT INTO seats (date_int,bus_id,no_seats,seat_type,status) VALUES (2,'AS08',26,'SIDE_LOWER','UNOCCUPIED');
INSERT INTO seats (date_int,bus_id,no_seats,seat_type,status) VALUES (2,'AS08',27,'MAIN_SIDE_UPPER','UNOCCUPIED');
INSERT INTO seats (date_int,bus_id,no_seats,seat_type,status) VALUES (2,'AS08',28,'MAIN_SIDE_LOWER','UNOCCUPIED');
INSERT INTO seats (date_int,bus_id,no_seats,seat_type,status) VALUES (2,'AS08',29,'MAIN_WIN_UPPER','UNOCCUPIED');
INSERT INTO seats (date_int,bus_id,no_seats,seat_type,status) VALUES (2,'AS08',30,'MAIN_WIN_LOWER','UNOCCUPIED');
INSERT INTO seats (date_int,bus_id,no_seats,seat_type,status) VALUES (2,'AS08',31,'SIDE_UPPER','UNOCCUPIED');
INSERT INTO seats (date_int,bus_id,no_seats,seat_type,status) VALUES (2,'AS08',32,'SIDE_LOWER','UNOCCUPIED');
INSERT INTO seats (date_int,bus_id,no_seats,seat_type,status) VALUES (2,'AS08',33,'MAIN_SIDE_UPPER','UNOCCUPIED');
INSERT INTO seats (date_int,bus_id,no_seats,seat_type,status) VALUES (2,'AS08',34,'MAIN_SIDE_LOWER','UNOCCUPIED');
INSERT INTO seats (date_int,bus_id,no_seats,seat_type,status) VALUES (2,'AS08',35,'MAIN_WIN_UPPER','UNOCCUPIED');
INSERT INTO seats (date_int,bus_id,no_seats,seat_type,status) VALUES (2,'AS08',36,'MAIN_WIN_LOWER','UNOCCUPIED');
INSERT INTO seats (date_int,bus_id,no_seats,seat_type,status) VALUES (2,'AS09',1,'SIDE_UPPER','UNOCCUPIED');
INSERT INTO seats (date_int,bus_id,no_seats,seat_type,status) VALUES (2,'AS09',2,'SIDE_LOWER','UNOCCUPIED');
INSERT INTO seats (date_int,bus_id,no_seats,seat_type,status) VALUES (2,'AS09',3,'MAIN_SIDE_UPPER','UNOCCUPIED');
INSERT INTO seats (date_int,bus_id,no_seats,seat_type,status) VALUES (2,'AS09',4,'MAIN_SIDE_LOWER','UNOCCUPIED');
INSERT INTO seats (date_int,bus_id,no_seats,seat_type,status) VALUES (2,'AS09',5,'MAIN_WIN_UPPER','UNOCCUPIED');
INSERT INTO seats (date_int,bus_id,no_seats,seat_type,status) VALUES (2,'AS09',5,'MAIN_WIN_LOWER','UNOCCUPIED');
INSERT INTO seats (date_int,bus_id,no_seats,seat_type,status) VALUES (2,'AS09',7,'SIDE_UPPER','UNOCCUPIED');
INSERT INTO seats (date_int,bus_id,no_seats,seat_type,status) VALUES (2,'AS09',8,'SIDE_LOWER','UNOCCUPIED');
INSERT INTO seats (date_int,bus_id,no_seats,seat_type,status) VALUES (2,'AS09',9,'MAIN_SIDE_UPPER','UNOCCUPIED');
INSERT INTO seats (date_int,bus_id,no_seats,seat_type,status) VALUES (2,'AS09',10,'MAIN_SIDE_LOWER','UNOCCUPIED');
INSERT INTO seats (date_int,bus_id,no_seats,seat_type,status) VALUES (2,'AS09',11,'MAIN_WIN_UPPER','UNOCCUPIED');
INSERT INTO seats (date_int,bus_id,no_seats,seat_type,status) VALUES (2,'AS09',12,'MAIN_WIN_LOWER','UNOCCUPIED');
INSERT INTO seats (date_int,bus_id,no_seats,seat_type,status) VALUES (2,'AS09',13,'SIDE_UPPER','UNOCCUPIED');
INSERT INTO seats (date_int,bus_id,no_seats,seat_type,status) VALUES (2,'AS09',14,'SIDE_LOWER','UNOCCUPIED');
INSERT INTO seats (date_int,bus_id,no_seats,seat_type,status) VALUES (2,'AS09',15,'MAIN_SIDE_UPPER','UNOCCUPIED');
INSERT INTO seats (date_int,bus_id,no_seats,seat_type,status) VALUES (2,'AS09',16,'MAIN_SIDE_LOWER','UNOCCUPIED');
INSERT INTO seats (date_int,bus_id,no_seats,seat_type,status) VALUES (2,'AS09',17,'MAIN_WIN_UPPER','UNOCCUPIED');
INSERT INTO seats (date_int,bus_id,no_seats,seat_type,status) VALUES (2,'AS09',18,'MAIN_WIN_LOWER','UNOCCUPIED');
INSERT INTO seats (date_int,bus_id,no_seats,seat_type,status) VALUES (2,'AS09',19,'SIDE_UPPER','UNOCCUPIED');
INSERT INTO seats (date_int,bus_id,no_seats,seat_type,status) VALUES (2,'AS09',20,'SIDE_LOWER','UNOCCUPIED');
INSERT INTO seats (date_int,bus_id,no_seats,seat_type,status) VALUES (2,'AS09',21,'MAIN_SIDE_UPPER','UNOCCUPIED');
INSERT INTO seats (date_int,bus_id,no_seats,seat_type,status) VALUES (2,'AS09',22,'MAIN_SIDE_LOWER','UNOCCUPIED');
INSERT INTO seats (date_int,bus_id,no_seats,seat_type,status) VALUES (2,'AS09',23,'MAIN_WIN_UPPER','UNOCCUPIED');
INSERT INTO seats (date_int,bus_id,no_seats,seat_type,status) VALUES (2,'AS09',24,'MAIN_WIN_LOWER','UNOCCUPIED');
INSERT INTO seats (date_int,bus_id,no_seats,seat_type,status) VALUES (2,'AS09',25,'SIDE_UPPER','UNOCCUPIED');
INSERT INTO seats (date_int,bus_id,no_seats,seat_type,status) VALUES (2,'AS09',26,'SIDE_LOWER','UNOCCUPIED');
INSERT INTO seats (date_int,bus_id,no_seats,seat_type,status) VALUES (2,'AS09',27,'MAIN_SIDE_UPPER','UNOCCUPIED');
INSERT INTO seats (date_int,bus_id,no_seats,seat_type,status) VALUES (2,'AS09',28,'MAIN_SIDE_LOWER','UNOCCUPIED');
INSERT INTO seats (date_int,bus_id,no_seats,seat_type,status) VALUES (2,'AS09',29,'MAIN_WIN_UPPER','UNOCCUPIED');
INSERT INTO seats (date_int,bus_id,no_seats,seat_type,status) VALUES (2,'AS09',30,'MAIN_WIN_LOWER','UNOCCUPIED');
INSERT INTO seats (date_int,bus_id,no_seats,seat_type,status) VALUES (2,'AS09',31,'SIDE_UPPER','UNOCCUPIED');
INSERT INTO seats (date_int,bus_id,no_seats,seat_type,status) VALUES (2,'AS09',32,'SIDE_LOWER','UNOCCUPIED');
INSERT INTO seats (date_int,bus_id,no_seats,seat_type,status) VALUES (2,'AS09',33,'MAIN_SIDE_UPPER','UNOCCUPIED');
INSERT INTO seats (date_int,bus_id,no_seats,seat_type,status) VALUES (2,'AS09',34,'MAIN_SIDE_LOWER','UNOCCUPIED');
INSERT INTO seats (date_int,bus_id,no_seats,seat_type,status) VALUES (2,'AS09',35,'MAIN_WIN_UPPER','UNOCCUPIED');
INSERT INTO seats (date_int,bus_id,no_seats,seat_type,status) VALUES (2,'AS09',36,'MAIN_WIN_LOWER','UNOCCUPIED');
INSERT INTO seats (date_int,bus_id,no_seats,seat_type,status) VALUES (2,'AS10',1,'SIDE_UPPER','UNOCCUPIED');
INSERT INTO seats (date_int,bus_id,no_seats,seat_type,status) VALUES (2,'AS10',2,'SIDE_LOWER','UNOCCUPIED');
INSERT INTO seats (date_int,bus_id,no_seats,seat_type,status) VALUES (2,'AS10',3,'MAIN_SIDE_UPPER','UNOCCUPIED');
INSERT INTO seats (date_int,bus_id,no_seats,seat_type,status) VALUES (2,'AS10',4,'MAIN_SIDE_LOWER','UNOCCUPIED');
INSERT INTO seats (date_int,bus_id,no_seats,seat_type,status) VALUES (2,'AS10',5,'MAIN_WIN_UPPER','UNOCCUPIED');
INSERT INTO seats (date_int,bus_id,no_seats,seat_type,status) VALUES (2,'AS10',5,'MAIN_WIN_LOWER','UNOCCUPIED');
INSERT INTO seats (date_int,bus_id,no_seats,seat_type,status) VALUES (2,'AS10',7,'SIDE_UPPER','UNOCCUPIED');
INSERT INTO seats (date_int,bus_id,no_seats,seat_type,status) VALUES (2,'AS10',8,'SIDE_LOWER','UNOCCUPIED');
INSERT INTO seats (date_int,bus_id,no_seats,seat_type,status) VALUES (2,'AS10',9,'MAIN_SIDE_UPPER','UNOCCUPIED');
INSERT INTO seats (date_int,bus_id,no_seats,seat_type,status) VALUES (2,'AS10',10,'MAIN_SIDE_LOWER','UNOCCUPIED');
INSERT INTO seats (date_int,bus_id,no_seats,seat_type,status) VALUES (2,'AS10',11,'MAIN_WIN_UPPER','UNOCCUPIED');
INSERT INTO seats (date_int,bus_id,no_seats,seat_type,status) VALUES (2,'AS10',12,'MAIN_WIN_LOWER','UNOCCUPIED');
INSERT INTO seats (date_int,bus_id,no_seats,seat_type,status) VALUES (2,'AS10',13,'SIDE_UPPER','UNOCCUPIED');
INSERT INTO seats (date_int,bus_id,no_seats,seat_type,status) VALUES (2,'AS10',14,'SIDE_LOWER','UNOCCUPIED');
INSERT INTO seats (date_int,bus_id,no_seats,seat_type,status) VALUES (2,'AS10',15,'MAIN_SIDE_UPPER','UNOCCUPIED');
INSERT INTO seats (date_int,bus_id,no_seats,seat_type,status) VALUES (2,'AS10',16,'MAIN_SIDE_LOWER','UNOCCUPIED');
INSERT INTO seats (date_int,bus_id,no_seats,seat_type,status) VALUES (2,'AS10',17,'MAIN_WIN_UPPER','UNOCCUPIED');
INSERT INTO seats (date_int,bus_id,no_seats,seat_type,status) VALUES (2,'AS10',18,'MAIN_WIN_LOWER','UNOCCUPIED');
INSERT INTO seats (date_int,bus_id,no_seats,seat_type,status) VALUES (2,'AS10',19,'SIDE_UPPER','UNOCCUPIED');
INSERT INTO seats (date_int,bus_id,no_seats,seat_type,status) VALUES (2,'AS10',20,'SIDE_LOWER','UNOCCUPIED');
INSERT INTO seats (date_int,bus_id,no_seats,seat_type,status) VALUES (2,'AS10',21,'MAIN_SIDE_UPPER','UNOCCUPIED');
INSERT INTO seats (date_int,bus_id,no_seats,seat_type,status) VALUES (2,'AS10',22,'MAIN_SIDE_LOWER','UNOCCUPIED');
INSERT INTO seats (date_int,bus_id,no_seats,seat_type,status) VALUES (2,'AS10',23,'MAIN_WIN_UPPER','UNOCCUPIED');
INSERT INTO seats (date_int,bus_id,no_seats,seat_type,status) VALUES (2,'AS10',24,'MAIN_WIN_LOWER','UNOCCUPIED');
INSERT INTO seats (date_int,bus_id,no_seats,seat_type,status) VALUES (2,'AS10',25,'SIDE_UPPER','UNOCCUPIED');
INSERT INTO seats (date_int,bus_id,no_seats,seat_type,status) VALUES (2,'AS10',26,'SIDE_LOWER','UNOCCUPIED');
INSERT INTO seats (date_int,bus_id,no_seats,seat_type,status) VALUES (2,'AS10',27,'MAIN_SIDE_UPPER','UNOCCUPIED');
INSERT INTO seats (date_int,bus_id,no_seats,seat_type,status) VALUES (2,'AS10',28,'MAIN_SIDE_LOWER','UNOCCUPIED');
INSERT INTO seats (date_int,bus_id,no_seats,seat_type,status) VALUES (2,'AS10',29,'MAIN_WIN_UPPER','UNOCCUPIED');
INSERT INTO seats (date_int,bus_id,no_seats,seat_type,status) VALUES (2,'AS10',30,'MAIN_WIN_LOWER','UNOCCUPIED');
INSERT INTO seats (date_int,bus_id,no_seats,seat_type,status) VALUES (2,'AS10',31,'SIDE_UPPER','UNOCCUPIED');
INSERT INTO seats (date_int,bus_id,no_seats,seat_type,status) VALUES (2,'AS10',32,'SIDE_LOWER','UNOCCUPIED');
INSERT INTO seats (date_int,bus_id,no_seats,seat_type,status) VALUES (2,'AS10',33,'MAIN_SIDE_UPPER','UNOCCUPIED');
INSERT INTO seats (date_int,bus_id,no_seats,seat_type,status) VALUES (2,'AS10',34,'MAIN_SIDE_LOWER','UNOCCUPIED');
INSERT INTO seats (date_int,bus_id,no_seats,seat_type,status) VALUES (2,'AS10',35,'MAIN_WIN_UPPER','UNOCCUPIED');
INSERT INTO seats (date_int,bus_id,no_seats,seat_type,status) VALUES (2,'AS10',36,'MAIN_WIN_LOWER','UNOCCUPIED');







/*
INSERT INTO seats (date_int,bus_id,no_seats,seat_type,status) VALUES (1,'AS01',1,'SIDE_UPPER','UNOCCUPIED');
INSERT INTO seats (date_int,bus_id,no_seats,seat_type,status) VALUES (1,'AS01',2,'SIDE_LOWER','UNOCCUPIED');
INSERT INTO seats (date_int,bus_id,no_seats,seat_type,status) VALUES (1,'AS01',3,'MAIN_SIDE_UPPER','UNOCCUPIED');
INSERT INTO seats (date_int,bus_id,no_seats,seat_type,status) VALUES (1,'AS01',4,'MAIN_SIDE_LOWER','UNOCCUPIED');
INSERT INTO seats (date_int,bus_id,no_seats,seat_type,status) VALUES (1,'AS01',5,'MAIN_WIN_UPPER','UNOCCUPIED');
INSERT INTO seats (date_int,bus_id,no_seats,seat_type,status) VALUES (1,'AS01',5,'MAIN_WIN_LOWER','UNOCCUPIED');
INSERT INTO seats (date_int,bus_id,no_seats,seat_type,status) VALUES (1,'AS01',7,'SIDE_UPPER','UNOCCUPIED');
INSERT INTO seats (date_int,bus_id,no_seats,seat_type,status) VALUES (1,'AS01',8,'SIDE_LOWER','UNOCCUPIED');
INSERT INTO seats (date_int,bus_id,no_seats,seat_type,status) VALUES (1,'AS01',9,'MAIN_SIDE_UPPER','UNOCCUPIED');
INSERT INTO seats (date_int,bus_id,no_seats,seat_type,status) VALUES (1,'AS01',10,'MAIN_SIDE_LOWER','UNOCCUPIED');
INSERT INTO seats (date_int,bus_id,no_seats,seat_type,status) VALUES (1,'AS01',11,'MAIN_WIN_UPPER','UNOCCUPIED');
INSERT INTO seats (date_int,bus_id,no_seats,seat_type,status) VALUES (1,'AS01',12,'MAIN_WIN_LOWER','UNOCCUPIED');
INSERT INTO seats (date_int,bus_id,no_seats,seat_type,status) VALUES (1,'AS01',13,'SIDE_UPPER','UNOCCUPIED');
INSERT INTO seats (date_int,bus_id,no_seats,seat_type,status) VALUES (1,'AS01',14,'SIDE_LOWER','UNOCCUPIED');
INSERT INTO seats (date_int,bus_id,no_seats,seat_type,status) VALUES (1,'AS01',15,'MAIN_SIDE_UPPER','UNOCCUPIED');
INSERT INTO seats (date_int,bus_id,no_seats,seat_type,status) VALUES (1,'AS01',16,'MAIN_SIDE_LOWER','UNOCCUPIED');
INSERT INTO seats (date_int,bus_id,no_seats,seat_type,status) VALUES (1,'AS01',17,'MAIN_WIN_UPPER','UNOCCUPIED');
INSERT INTO seats (date_int,bus_id,no_seats,seat_type,status) VALUES (1,'AS01',18,'MAIN_WIN_LOWER','UNOCCUPIED');
INSERT INTO seats (date_int,bus_id,no_seats,seat_type,status) VALUES (1,'AS01',19,'SIDE_UPPER','UNOCCUPIED');
INSERT INTO seats (date_int,bus_id,no_seats,seat_type,status) VALUES (1,'AS01',20,'SIDE_LOWER','UNOCCUPIED');
INSERT INTO seats (date_int,bus_id,no_seats,seat_type,status) VALUES (1,'AS01',21,'MAIN_SIDE_UPPER','UNOCCUPIED');
INSERT INTO seats (date_int,bus_id,no_seats,seat_type,status) VALUES (1,'AS01',22,'MAIN_SIDE_LOWER','UNOCCUPIED');
INSERT INTO seats (date_int,bus_id,no_seats,seat_type,status) VALUES (1,'AS01',23,'MAIN_WIN_UPPER','UNOCCUPIED');
INSERT INTO seats (date_int,bus_id,no_seats,seat_type,status) VALUES (1,'AS01',24,'MAIN_WIN_LOWER','UNOCCUPIED');
INSERT INTO seats (date_int,bus_id,no_seats,seat_type,status) VALUES (1,'AS01',25,'SIDE_UPPER','UNOCCUPIED');
INSERT INTO seats (date_int,bus_id,no_seats,seat_type,status) VALUES (1,'AS01',26,'SIDE_LOWER','UNOCCUPIED');
INSERT INTO seats (date_int,bus_id,no_seats,seat_type,status) VALUES (1,'AS01',27,'MAIN_SIDE_UPPER','UNOCCUPIED');
INSERT INTO seats (date_int,bus_id,no_seats,seat_type,status) VALUES (1,'AS01',28,'MAIN_SIDE_LOWER','UNOCCUPIED');
INSERT INTO seats (date_int,bus_id,no_seats,seat_type,status) VALUES (1,'AS01',29,'MAIN_WIN_UPPER','UNOCCUPIED');
INSERT INTO seats (date_int,bus_id,no_seats,seat_type,status) VALUES (1,'AS01',30,'MAIN_WIN_LOWER','UNOCCUPIED');
INSERT INTO seats (date_int,bus_id,no_seats,seat_type,status) VALUES (1,'AS01',31,'SIDE_UPPER','UNOCCUPIED');
INSERT INTO seats (date_int,bus_id,no_seats,seat_type,status) VALUES (1,'AS01',32,'SIDE_LOWER','UNOCCUPIED');
INSERT INTO seats (date_int,bus_id,no_seats,seat_type,status) VALUES (1,'AS01',33,'MAIN_SIDE_UPPER','UNOCCUPIED');
INSERT INTO seats (date_int,bus_id,no_seats,seat_type,status) VALUES (1,'AS01',34,'MAIN_SIDE_LOWER','UNOCCUPIED');
INSERT INTO seats (date_int,bus_id,no_seats,seat_type,status) VALUES (1,'AS01',35,'MAIN_WIN_UPPER','UNOCCUPIED');
INSERT INTO seats (date_int,bus_id,no_seats,seat_type,status) VALUES (1,'AS01',36,'MAIN_WIN_LOWER','UNOCCUPIED');
*/